distrito,edad,email,id,nombre,partido,sexo,images
"{'1': 0, '4': 48, '2': 48}",84,fbayo,132,Francisco Bayo Veloso,Renovación Nacional,M,https://www.camara.cl/img.aspx?prmid=chs132
"{'3': 27, '1': 0, '4': 27}",80,ecarabal,137,Eliana Caraball Martínez,Partido Demócrata Cristiano,F,https://www.camara.cl/img.aspx?prmid=chs137
"{'3': 11, '4': 11}",75,pcornejo,140,Patricio Cornejo Vidaurrázaga,Partido Demócrata Cristiano,M,https://www.camara.cl/img.aspx?prmid=chs140
"{'1': 0, '4': 46, '2': 27}",62,cescalona,150,Camilo Escalona Medina,Partido Socialista,M,https://www.camara.cl/img.aspx?prmid=chs150
{'4': 3},65,mescobar,151,Mario Escobar Urbina,Unión Demócrata Independiente,M,https://www.camara.cl/img.aspx?prmid=chs151
"{'3': 49, '1': 0, '4': 49, '2': 49}",55,jgalilea,155,José Antonio Galilea Vidaurre,Renovación Nacional,M,https://www.camara.cl/img.aspx?prmid=chs155
"{'3': 18, '4': 18, '2': 0}",56,ggirardi,158,Guido Girardi Lavín,Partido Por la Democracia,M,https://www.camara.cl/img.aspx?prmid=chs158
"{'3': 1, '4': 1}",75,rosadearica,159,Rosa González Román,Independientes,F,https://www.camara.cl/img.aspx?prmid=chs159
"{'3': 23, '4': 23}",60,cdpia,161,María Pía Guzmán Mena,Renovación Nacional,F,https://www.camara.cl/img.aspx?prmid=chs161
{'4': 15},62,chidalgo,164,Carlos Hidalgo González,Independientes,M,https://www.camara.cl/img.aspx?prmid=chs164
"{'3': 14, '4': 14}",71,gibanez,165,Gonzalo Ibáñez Santa María,Unión Demócrata Independiente,M,https://www.camara.cl/img.aspx?prmid=chs165
{'4': 13},58,cibanez,166,Carmen Ibáñez Soto,Renovación Nacional,F,https://www.camara.cl/img.aspx?prmid=chs166
"{'3': 43, '1': 0, '4': 43, '2': 43}",64,barrueto,169,Víctor Jeame Barrueto,Partido Por la Democracia,M,https://www.camara.cl/img.aspx?prmid=chs169
"{'3': 57, '1': 0, '4': 57, '2': 57}",64,kuschel,172,Carlos Ignacio Kuschel Silva,Renovación Nacional,M,https://www.camara.cl/img.aspx?prmid=chs172
"{'3': 19, '1': 0, '4': 19, '2': 19}",63,cleay,175,Cristián Leay Morán,Unión Demócrata Independiente,M,https://www.camara.cl/img.aspx?prmid=chs175
"{'3': 33, '1': 0, '4': 33, '2': 33}",56,jpleteli,176,Juan Pablo Letelier Morel,Partido Socialista,M,https://www.camara.cl/img.aspx?prmid=chs176
"{'8': 33, '3': 42, '4': 42, '2': 0}",61,felipe.letelier,177,Felipe Letelier Norambuena,Partido Por la Democracia,M,https://www.camara.cl/img.aspx?prmid=chs177
"{'3': 12, '1': 0, '4': 12, '2': 12}",69,al,178,Arturo Longton Guerrero,Renovación Nacional,M,https://www.camara.cl/img.aspx?prmid=chs178
"{'3': 30, '1': 0, '4': 17, '2': 30}",59,plonguei,179,Pablo Longueira Montes,Unión Demócrata Independiente,M,https://www.camara.cl/img.aspx?prmid=chs179
"{'3': 16, '4': 16, '2': 0}",61,luksic,181,Zarko Luksic Sandoval,Partido Demócrata Cristiano,M,https://www.camara.cl/img.aspx?prmid=chs181
{'4': 10},65,mmella,185,María Eugenia Mella Gajardo,Partido Demócrata Cristiano,F,https://www.camara.cl/img.aspx?prmid=chs185
"{'3': 9, '4': 9}",51,dmolina,187,Darío Molina Sanhueza,Unión Demócrata Independiente,M,https://www.camara.cl/img.aspx?prmid=chs187
"{'3': 3, '4': 3}",74,wmora,190,Waldo Mora Longa,Partido Demócrata Cristiano,M,https://www.camara.cl/img.aspx?prmid=chs190
"{'3': 60, '4': 60, '2': 0}",73,pmunoz,193,Pedro Muñoz Aburto,Partido Socialista,M,https://www.camara.cl/img.aspx?prmid=chs193
"{'3': 45, '4': 45, '2': 0}",58,anavarro,195,Alejandro Navarro Brain,Partido Socialista,M,https://www.camara.cl/img.aspx?prmid=chs195
"{'3': 32, '4': 35, '2': 0}",69,anibalpe,205,Aníbal Pérez Lobos,Partido Por la Democracia,M,https://www.camara.cl/img.aspx?prmid=chs205
"{'1': 0, '4': 2, '2': 2}",83,rperez,206,Ramón Pérez Opazo,Renovación Nacional,M,https://www.camara.cl/img.aspx?prmid=chs206
"{'3': 47, '1': 0, '4': 47, '2': 47}",63,vperez,208,Víctor Pérez Varela,Unión Demócrata Independiente,M,https://www.camara.cl/img.aspx?prmid=chs208
{'4': 37},58,pprieto,209,Pablo Prieto Lorca,Unión Demócrata Independiente,M,https://www.camara.cl/img.aspx?prmid=chs209
"{'3': 30, '4': 30}",68,eriveros,213,Edgardo Riveros Marín,Partido Demócrata Cristiano,M,https://www.camara.cl/img.aspx?prmid=chs213
"{'3': 45, '1': 0, '4': 45, '2': 45}",81,esalas,220,Edmundo Salas De La Fuente,Partido Demócrata Cristiano,M,https://www.camara.cl/img.aspx?prmid=chs220
"{'3': 59, '4': 59}",68,lsanchez,221,Leopoldo Sánchez Grunert,Partido Por la Democracia,M,https://www.camara.cl/img.aspx?prmid=chs221
"{'3': 28, '1': 0, '4': 28, '2': 28}",64,rseguel,222,Rodolfo Seguel Molina,Partido Demócrata Cristiano,M,https://www.camara.cl/img.aspx?prmid=chs222
"{'3': 53, '4': 53, '2': 0}",54,esilva,224,Exequiel Silva Ortiz,Partido Demócrata Cristiano,M,https://www.camara.cl/img.aspx?prmid=chs224
{'4': 36},76,btapia,226,Boris Tapia Martínez,Partido Demócrata Cristiano,M,https://www.camara.cl/img.aspx?prmid=chs226
{'4': 20},64,mvarela,234,Mario Varela Herrera,Unión Demócrata Independiente,M,https://www.camara.cl/img.aspx?prmid=chs234
"{'3': 48, '1': 0, '4': 48, '2': 48}",91,villouta,239,Edmundo Villouta Concha,Partido Demócrata Cristiano,M,https://www.camara.cl/img.aspx?prmid=chs239
{'4': 2},70,njofre,242,Néstor Jofré Núñez,Renovación Nacional,M,https://www.camara.cl/img.aspx?prmid=chs242
"{'5': 24, '6': 24, '4': 24}",69,eaccorsi,800,Enrique Accorsi Opazo,Partido Por la Democracia,M,https://www.camara.cl/img.aspx?prmid=chs800
{'5': 5},57,raedo,801,René Aedo Ormeño,Renovación Nacional,M,https://www.camara.cl/img.aspx?prmid=chs801
"{'5': 37, '1': 0, '6': 37, '8': 37, '3': 37, '4': 37, '2': 37}",64,saguilo,802,Sergio Aguiló Melo,Partido Socialista,M,https://www.camara.cl/img.aspx?prmid=chs802
"{'5': 59, '6': 59}",59,ralinco,803,René Alinco Bustos,Partido Por la Democracia,M,https://www.camara.cl/img.aspx?prmid=chs803
"{'5': 29, '3': 29, '4': 29, '2': 0}",72,iallende,804,Isabel Allende Bussi,Partido Socialista,F,https://www.camara.cl/img.aspx?prmid=chs804
"{'5': 58, '3': 58, '4': 58, '2': 0}",57,alvarado,805,Claudio Alvarado Andrade,Unión Demócrata Independiente,M,https://www.camara.cl/img.aspx?prmid=chs805
"{'5': 38, '3': 38, '1': 0, '4': 38, '2': 38}",69,alvarez,806,Pedro Pablo Alvarez-Salamanca Büchi,Renovación Nacional,M,https://www.camara.cl/img.aspx?prmid=chs806
"{'5': 60, '3': 60, '4': 60}",51,ralvarez,807,Rodrigo Álvarez Zenteno,Unión Demócrata Independiente,M,https://www.camara.cl/img.aspx?prmid=chs807
"{'5': 4, '6': 4, '4': 4}",43,paraya,808,Pedro Araya Guerrero,Independientes,M,https://www.camara.cl/img.aspx?prmid=chs808
"{'5': 48, '6': 48}",44,garenas,809,Gonzalo Arenas Hödar,Unión Demócrata Independiente,M,https://www.camara.cl/img.aspx?prmid=chs809
"{'6': 58, '5': 58, '3': 58, '4': 58, '2': 0}",64,ascencio,810,Gabriel Ascencio Mansilla,Partido Demócrata Cristiano,M,https://www.camara.cl/img.aspx?prmid=chs810
"{'8': 35, '6': 35, '4': 35, '5': 35}",59,jbarros,811,Ramón Barros Montero,Unión Demócrata Independiente,M,https://www.camara.cl/img.aspx?prmid=chs811
"{'5': 33, '6': 33, '4': 33}",70,ebauer,812,Eugenio Bauer Jouanne,Unión Demócrata Independiente,M,https://www.camara.cl/img.aspx?prmid=chs812
"{'8': 50, '6': 50, '4': 50, '5': 50}",62,gbecker,813,Germán Becker Alvear,Renovación Nacional,M,https://www.camara.cl/img.aspx?prmid=chs813
"{'6': 7, '5': 7, '3': 7, '4': 7}",63,mbertoli,814,Mario Bertolino Rendic,Renovación Nacional,M,https://www.camara.cl/img.aspx?prmid=chs814
"{'5': 45, '6': 45}",59,sbobadilla,815,Sergio Bobadilla Muñoz,Unión Demócrata Independiente,M,https://www.camara.cl/img.aspx?prmid=chs815
"{'5': 21, '6': 21, '4': 21}",61,jburgos,816,Jorge Burgos Varela,Partido Demócrata Cristiano,M,https://www.camara.cl/img.aspx?prmid=chs816
"{'5': 12, '3': 12, '4': 12}",81,jbustos,817,Juan Bustos Ramírez,Partido Socialista,M,https://www.camara.cl/img.aspx?prmid=chs817
"{'6': 22, '5': 22, '3': 22, '4': 22, '2': 0}",72,acardemil,818,Alberto Cardemil Herrera,Renovación Nacional,M,https://www.camara.cl/img.aspx?prmid=chs818
"{'5': 40, '8': 40, '6': 40, '3': 40, '2': 0, '4': 40}",71,gceroni,819,Guillermo Ceroni Fuentes,Partido Por la Democracia,M,https://www.camara.cl/img.aspx?prmid=chs819
{'5': 14},46,fchahuan,820,Francisco Chahuán Chahuán,Renovación Nacional,M,https://www.camara.cl/img.aspx?prmid=chs820
"{'5': 36, '3': 36, '1': 0, '4': 36, '2': 36}",79,scorrea,821,Sergio Correa De la Cerda,Unión Demócrata Independiente,M,https://www.camara.cl/img.aspx?prmid=chs821
"{'5': 24, '1': 0, '6': 24, '3': 24, '4': 24, '2': 24}",76,macristi,822,María Angélica Cristi Marfil,Renovación Nacional,F,https://www.camara.cl/img.aspx?prmid=chs822
"{'5': 21, '4': 21}",50,mcubillos,823,Marcela Cubillos Sigall,Unión Demócrata Independiente,F,https://www.camara.cl/img.aspx?prmid=chs823
"{'5': 53, '6': 53}",51,adeurresti,824,Alfonso De Urresti Longton,Partido Socialista,M,https://www.camara.cl/img.aspx?prmid=chs824
"{'6': 53, '5': 53, '3': 53, '4': 53}",72,rdelmast,825,Roberto Delmastro Naso,Renovación Nacional,M,https://www.camara.cl/img.aspx?prmid=chs825
"{'5': 51, '3': 51, '4': 51}",43,ediaz,826,Eduardo Díaz Del Río,Partido Regionalista Independiente,M,https://www.camara.cl/img.aspx?prmid=chs826
"{'5': 7, '6': 7}",46,mdiaz,827,Marcelo Díaz Díaz,Partido Socialista,M,https://www.camara.cl/img.aspx?prmid=chs827
"{'5': 23, '3': 23, '4': 23}",66,jdittbor,828,Julio Dittborn Cordua,Unión Demócrata Independiente,M,https://www.camara.cl/img.aspx?prmid=chs828
{'5': 26},64,gduarte,829,Gonzalo Duarte Leiva,Partido Demócrata Cristiano,M,https://www.camara.cl/img.aspx?prmid=chs829
"{'5': 44, '4': 44}",70,aegana,830,Andrés Egaña Respaldiza,Unión Demócrata Independiente,M,https://www.camara.cl/img.aspx?prmid=chs830
"{'5': 15, '6': 14}",67,eeluchans,831,Edmundo Eluchans Urenda,Unión Demócrata Independiente,M,https://www.camara.cl/img.aspx?prmid=chs831
"{'5': 8, '3': 8, '4': 8, '2': 0}",73,fencina,832,Francisco Encina Moriamez,Partido Socialista,M,https://www.camara.cl/img.aspx?prmid=chs832
{'5': 10},44,menriquez-ominami,833,Marco Enríquez-Ominami Gumucio,Independientes,M,https://www.camara.cl/img.aspx?prmid=chs833
"{'5': 29, '3': 29, '4': 29, '2': 0}",72,merrazu,834,Maximiano Errázuriz Eguiguren,Renovación Nacional,M,https://www.camara.cl/img.aspx?prmid=chs834
{'5': 20},50,aescobar,835,Alvaro Escobar Rufatt,Independientes,M,https://www.camara.cl/img.aspx?prmid=chs835
"{'8': 3, '6': 3, '5': 3}",55,mespinosa,836,Marcos Espinosa Monardes,Partido Radical Social Demócrata,M,https://www.camara.cl/img.aspx?prmid=chs836
"{'8': 56, '6': 56, '4': 56, '5': 56}",47,fespinoza,837,Fidel Espinoza Sandoval,Partido Socialista,M,https://www.camara.cl/img.aspx?prmid=chs837
"{'5': 49, '6': 49}",59,eestay,838,Enrique Estay Peñaloza,Unión Demócrata Independiente,M,https://www.camara.cl/img.aspx?prmid=chs838
"{'8': 25, '6': 30, '5': 30}",62,rfarias,839,Ramón Farías Ponce,Partido Por la Democracia,M,https://www.camara.cl/img.aspx?prmid=chs839
"{'5': 11, '4': 11}",50,mforni,840,Marcelo Forni Lobos,Unión Demócrata Independiente,M,https://www.camara.cl/img.aspx?prmid=chs840
"{'5': 9, '2': 0}",69,rfuentealba,841,Renán Fuentealba Vildósola,Partido Demócrata Cristiano,M,https://www.camara.cl/img.aspx?prmid=chs841
"{'5': 59, '3': 59, '4': 59}",54,pgalilea,842,Pablo Galilea Carrillo,Renovación Nacional,M,https://www.camara.cl/img.aspx?prmid=chs842
"{'5': 52, '1': 0, '6': 52, '8': 52, '3': 52, '4': 52, '2': 52}",67,rmgarcia,843,René Manuel García García,Renovación Nacional,M,https://www.camara.cl/img.aspx?prmid=chs843
"{'6': 32, '5': 32, '3': 32, '4': 32, '2': 0}",65,agarcia,844,Alejandro García-Huidobro Sanfuentes,Unión de Centro Progresista,M,https://www.camara.cl/img.aspx?prmid=chs844
{'5': 18},82,ggirardibriere,845,Guido Girardi Briere,Partido Por la Democracia,M,https://www.camara.cl/img.aspx?prmid=chs845
"{'8': 13, '6': 13, '5': 13}",40,jgodoy,846,Joaquín Godoy Ibáñez,Renovación Nacional,M,https://www.camara.cl/img.aspx?prmid=chs846
"{'5': 60, '6': 60}",44,cgoic,847,Carolina Goic Boroevic,Partido Demócrata Cristiano,F,https://www.camara.cl/img.aspx?prmid=chs847
"{'8': 14, '6': 14, '4': 14, '5': 14}",76,rodrigogonzalez,848,Rodrigo González Torres,Partido Por la Democracia,M,https://www.camara.cl/img.aspx?prmid=chs848
"{'6': 19, '5': 19, '3': 19, '4': 19}",71,phales,849,Patricio Hales Dib,Partido Por la Democracia,M,https://www.camara.cl/img.aspx?prmid=chs849
"{'8': 55, '6': 55, '4': 55, '5': 55}",63,jhernandez,850,Javier Hernández Hernández,Unión Demócrata Independiente,M,https://www.camara.cl/img.aspx?prmid=chs850
{'5': 12},-1,aherrera,851,Amelia Herrera Silva,Renovación Nacional,F,https://www.camara.cl/img.aspx?prmid=chs851
"{'8': 9, '5': 28}",50,jorge.insunza,852,Jorge Insunza Gregorio de las Heras,Partido Por la Democracia,M,https://www.camara.cl/img.aspx?prmid=chs852
"{'5': 2, '6': 2}",51,misasi,853,Marta Isasi Barbieri,Independientes,F,https://www.camara.cl/img.aspx?prmid=chs853
"{'6': 54, '8': 54, '3': 54, '4': 54, '5': 54}",80,ejaramil,854,Enrique Jaramillo Becker,Partido Por la Democracia,M,https://www.camara.cl/img.aspx?prmid=chs854
"{'6': 41, '8': 41, '3': 41, '4': 41, '5': 41}",72,cjarpa,855,Carlos Abel Jarpa Wevar,Partido Radical Social Demócrata,M,https://www.camara.cl/img.aspx?prmid=chs855
"{'8': 27, '6': 27, '5': 27}",55,tjimenez,856,Tucapel Jiménez Fuentes,Partido Por la Democracia,M,https://www.camara.cl/img.aspx?prmid=chs856
"{'8': 24, '6': 30, '4': 30, '5': 30}",51,jkast,857,José Antonio Kast Rist,Unión Demócrata Independiente,M,https://www.camara.cl/img.aspx?prmid=chs857
"{'5': 35, '6': 35, '1': 0, '2': 35}",68,jclatorre,858,Juan Carlos Latorre Carmona,Partido Demócrata Cristiano,M,https://www.camara.cl/img.aspx?prmid=chs858
"{'5': 5, '3': 5, '4': 5}",67,aleal,859,Antonio Leal Labrín,Partido Por la Democracia,M,https://www.camara.cl/img.aspx?prmid=chs859
"{'8': 36, '3': 36, '6': 36, '2': 0, '5': 36}",66,rleon,860,Roberto León Ramírez,Partido Demócrata Cristiano,M,https://www.camara.cl/img.aspx?prmid=chs860
"{'5': 47, '6': 47}",56,jlobos,861,Juan Lobos Krause,Unión Demócrata Independiente,M,https://www.camara.cl/img.aspx?prmid=chs861
"{'6': 38, '8': 38, '3': 38, '4': 38, '5': 38}",68,plorenzi,862,Pablo Lorenzini Basso,Partido Demócrata Cristiano,M,https://www.camara.cl/img.aspx?prmid=chs862
"{'5': 41, '8': 41, '6': 41, '3': 41, '2': 0, '4': 41}",67,romar,863,Rosauro Martínez Labbé,Renovación Nacional,M,https://www.camara.cl/img.aspx?prmid=chs863
"{'5': 34, '3': 34, '1': 0, '4': 34, '2': 34}",76,masferre,864,Juan Masferrer Pellizzari,Unión Demócrata Independiente,M,https://www.camara.cl/img.aspx?prmid=chs864
"{'5': 16, '1': 0, '6': 16, '8': 16, '3': 16, '4': 16, '2': 16}",61,pmelero,865,Patricio Melero Abaroa,Unión Demócrata Independiente,M,https://www.camara.cl/img.aspx?prmid=chs865
"{'8': 52, '6': 52, '4': 52, '5': 52}",71,fmeza,866,Fernando Meza Moncada,Partido Radical Social Demócrata,M,https://www.camara.cl/img.aspx?prmid=chs866
"{'8': 23, '6': 23, '5': 23}",49,cmonckeberg,867,Cristián Monckeberg Bruner,Renovación Nacional,M,https://www.camara.cl/img.aspx?prmid=chs867
"{'8': 18, '6': 18, '4': 42, '5': 42}",44,nmonckeberg,868,Nicolás Monckeberg Díaz,Renovación Nacional,M,https://www.camara.cl/img.aspx?prmid=chs868
"{'8': 46, '6': 46, '5': 46}",52,mmonsalve,869,Manuel Monsalve Benavides,Partido Socialista,M,https://www.camara.cl/img.aspx?prmid=chs869
"{'5': 26, '1': 0, '6': 26, '3': 26, '4': 26, '2': 26}",71,cmontes,870,Carlos Montes Cisternas,Partido Socialista,M,https://www.camara.cl/img.aspx?prmid=chs870
"{'6': 27, '5': 27, '3': 27, '4': 27, '2': 0}",60,imoreira,871,Iván Moreira Barros,Unión Demócrata Independiente,M,https://www.camara.cl/img.aspx?prmid=chs871
"{'5': 6, '3': 6, '4': 6}",54,jmulet,872,Jaime Mulet Martínez,Partido Regionalista Independiente,M,https://www.camara.cl/img.aspx?prmid=chs872
"{'6': 9, '5': 9, '3': 9, '1': 0, '4': 9}",69,amunoz,873,Adriana Muñoz D'Albora,Partido Socialista,F,https://www.camara.cl/img.aspx?prmid=chs873
"{'8': 19, '6': 19, '5': 19}",47,cnogueira,874,Claudia Nogueira Fernández,Unión Demócrata Independiente,F,https://www.camara.cl/img.aspx?prmid=chs874
"{'8': 46, '6': 46, '4': 46, '5': 46}",59,inorambuena,875,Iván Norambuena Farías,Unión Demócrata Independiente,M,https://www.camara.cl/img.aspx?prmid=chs875
"{'8': 11, '6': 11, '5': 11}",51,mnunez,876,Marco Antonio Núñez Lozano,Partido Por la Democracia,M,https://www.camara.cl/img.aspx?prmid=chs876
"{'5': 55, '1': 0, '6': 55, '8': 55, '3': 55, '4': 55, '2': 55}",74,sojeda,877,Sergio Ojeda Uribe,Partido Demócrata Cristiano,M,https://www.camara.cl/img.aspx?prmid=chs877
"{'5': 18, '3': 18, '4': 18}",65,colivare,878,Carlos Olivares Zepeda,Partido Regionalista Independiente,M,https://www.camara.cl/img.aspx?prmid=chs878
"{'5': 44, '1': 0, '6': 44, '8': 44, '3': 44, '4': 44, '2': 44}",75,jmortiz,879,José Miguel Ortiz Novoa,Partido Demócrata Cristiano,M,https://www.camara.cl/img.aspx?prmid=chs879
"{'8': 45, '6': 45, '5': 45}",56,cpacheco,880,Clemira Pacheco Rivas,Partido Socialista,F,https://www.camara.cl/img.aspx?prmid=chs880
"{'5': 39, '3': 39, '4': 39}",65,opalma,881,Osvaldo Palma Flores,Renovación Nacional,M,https://www.camara.cl/img.aspx?prmid=chs881
"{'5': 1, '4': 1}",59,iparedes,882,Iván Paredes Fierro,Partido Socialista,M,https://www.camara.cl/img.aspx?prmid=chs882
"{'8': 31, '6': 31, '5': 31}",-1,dpascal,883,Denise Pascal Allende,Partido Socialista,F,https://www.camara.cl/img.aspx?prmid=chs883
"{'5': 28, '3': 28, '4': 28, '2': 0}",53,dpaya,884,Darío Paya Mira,Unión Demócrata Independiente,M,https://www.camara.cl/img.aspx?prmid=chs884
"{'6': 47, '8': 47, '3': 47, '4': 47, '5': 47}",76,jperez,885,José Pérez Arriagada,Partido Radical Social Demócrata,M,https://www.camara.cl/img.aspx?prmid=chs885
"{'5': 49, '4': 49}",50,jquintana,886,Jaime Quintana Leal,Partido Por la Democracia,M,https://www.camara.cl/img.aspx?prmid=chs886
"{'6': 56, '5': 56, '3': 56, '1': 0, '4': 56}",63,crecondo,887,Carlos Recondo Lavanderos,Unión Demócrata Independiente,M,https://www.camara.cl/img.aspx?prmid=chs887
"{'8': 6, '6': 6, '4': 6, '5': 6}",61,arobles,888,Alberto Robles Pantoja,Partido Radical Social Demócrata,M,https://www.camara.cl/img.aspx?prmid=chs888
"{'6': 4, '5': 4, '3': 4, '4': 4}",58,mrojas,889,Manuel Rojas Molina,Unión Demócrata Independiente,M,https://www.camara.cl/img.aspx?prmid=chs889
"{'5': 2, '4': 2}",47,frossi,890,Fulvio Rossi Ciocca,Partido Socialista,M,https://www.camara.cl/img.aspx?prmid=chs890
"{'8': 17, '6': 17, '5': 17}",40,krubilar,891,Karla Rubilar Barahona,Renovación Nacional,F,https://www.camara.cl/img.aspx?prmid=chs891
"{'6': 17, '5': 17, '3': 17, '4': 17, '2': 0}",74,masaa,892,María Antonieta Saa Díaz,Partido Por la Democracia,F,https://www.camara.cl/img.aspx?prmid=chs892
"{'8': 42, '6': 42, '5': 42}",53,jsabag,893,Jorge Sabag Villalobos,Partido Demócrata Cristiano,M,https://www.camara.cl/img.aspx?prmid=chs893
"{'5': 50, '4': 50}",59,esaffirio,894,Eduardo Saffirio Suárez,Partido Demócrata Cristiano,M,https://www.camara.cl/img.aspx?prmid=chs894
"{'5': 25, '6': 25, '4': 25}",51,fsalaberry,895,Felipe Salaberry Soto,Unión Demócrata Independiente,M,https://www.camara.cl/img.aspx?prmid=chs895
{'5': 20},62,rsepulveda,896,Roberto Sepúlveda Hermosilla,Renovación Nacional,M,https://www.camara.cl/img.aspx?prmid=chs896
"{'8': 34, '6': 34, '4': 34, '5': 34}",51,asepulveda,897,Alejandra Sepúlveda Orbenes,Independientes,F,https://www.camara.cl/img.aspx?prmid=chs897
"{'8': 16, '6': 16, '5': 16}",41,gsilber,898,Gabriel Silber Romo,Partido Demócrata Cristiano,M,https://www.camara.cl/img.aspx?prmid=chs898
"{'5': 13, '3': 14, '4': 13}",85,lsoto,899,Laura Soto González,Partido Por la Democracia,F,https://www.camara.cl/img.aspx?prmid=chs899
{'5': 33},56,asule,900,Alejandro Sule Fernández,Partido Radical Social Demócrata,M,https://www.camara.cl/img.aspx?prmid=chs900
{'5': 43},53,rsunico,901,Raúl Sunico Galdames,Partido Socialista,M,https://www.camara.cl/img.aspx?prmid=chs901
"{'8': 39, '6': 39, '4': 39, '5': 39}",64,jtarud,902,Jorge Tarud Daccarett,Partido Por la Democracia,M,https://www.camara.cl/img.aspx?prmid=chs902
"{'5': 22, '4': 22}",52,ctoha,903,Carolina Tohá Morales,Partido Por la Democracia,F,https://www.camara.cl/img.aspx?prmid=chs903
"{'5': 51, '3': 51, '4': 51, '2': 0}",72,etuma,904,Eugenio Tuma Zedan,Partido Por la Democracia,M,https://www.camara.cl/img.aspx?prmid=chs904
"{'8': 57, '6': 57, '5': 57}",53,mturres,905,Marisol Turres Figueroa,Unión Demócrata Independiente,F,https://www.camara.cl/img.aspx?prmid=chs905
"{'5': 43, '1': 0, '6': 43, '8': 43, '3': 43, '4': 43, '2': 43}",59,julloa,906,Jorge Ulloa Aguillón,Unión Demócrata Independiente,M,https://www.camara.cl/img.aspx?prmid=chs906
"{'5': 31, '6': 31, '4': 31}",52,guriarte,907,Gonzalo Uriarte Herrera,Unión Demócrata Independiente,M,https://www.camara.cl/img.aspx?prmid=chs907
"{'8': 40, '6': 40, '4': 40, '5': 40}",60,iurrutia,908,Ignacio Urrutia Bonilla,Unión Demócrata Independiente,M,https://www.camara.cl/img.aspx?prmid=chs908
{'5': 1},44,xvalcarce,909,Ximena Valcarce Becerra,Renovación Nacional,F,https://www.camara.cl/img.aspx?prmid=chs909
"{'5': 32, '4': 32}",53,evalenzuela,910,Esteban Valenzuela Van Treek,Independientes,M,https://www.camara.cl/img.aspx?prmid=chs910
"{'8': 57, '6': 57, '5': 57}",53,pvallespin,911,Patricio Vallespín López,Partido Demócrata Cristiano,M,https://www.camara.cl/img.aspx?prmid=chs911
"{'5': 10, '3': 10, '4': 10, '2': 0}",65,avargas,912,Alfonso Vargas Lyng,Renovación Nacional,M,https://www.camara.cl/img.aspx?prmid=chs912
"{'8': 48, '6': 48, '5': 48}",59,mvenegas,913,Mario Venegas Cárdenas,Partido Demócrata Cristiano,M,https://www.camara.cl/img.aspx?prmid=chs913
"{'5': 15, '3': 15, '4': 15, '2': 0}",79,svenegas,914,Samuel Venegas Rubio,Renovación Nacional,M,https://www.camara.cl/img.aspx?prmid=chs914
"{'8': 37, '6': 37, '5': 37}",69,gverdugo,915,Germán Verdugo Soto,Renovación Nacional,M,https://www.camara.cl/img.aspx?prmid=chs915
"{'5': 25, '6': 25, '4': 25}",62,xvidal,916,Ximena Vidal Lázaro,Partido Por la Democracia,F,https://www.camara.cl/img.aspx?prmid=chs916
"{'5': 54, '6': 54, '4': 54}",62,gvonmuhlenbrock,917,Gastón Von Mühlenbrock Zamora,Unión Demócrata Independiente,M,https://www.camara.cl/img.aspx?prmid=chs917
"{'5': 8, '3': 8, '4': 8}",48,pwalker,918,Patricio Walker Prieto,Partido Demócrata Cristiano,M,https://www.camara.cl/img.aspx?prmid=chs918
"{'8': 3, '6': 3, '5': 3}",45,fw120,919,Felipe Ward Edwards,Unión Demócrata Independiente,M,https://www.camara.cl/img.aspx?prmid=chs919
"{'8': 12, '6': 12, '5': 12}",68,schilling,920,Marcelo Schilling Rodríguez,Partido Socialista,M,https://www.camara.cl/img.aspx?prmid=chs920
"{'5': 38, '3': 26, '4': 26}",54,lperez,921,Lily Pérez San Martín,Renovación Nacional,F,https://www.camara.cl/img.aspx?prmid=chs921
"{'5': 22, '6': 22}",45,fharboe,922,Felipe Harboe Bascuñán,Partido Por la Democracia,M,https://www.camara.cl/img.aspx?prmid=chs922
"{'8': 38, '6': 38}",41,palvarez-salamanca,923,Pedro Pablo Alvarez-Salamanca Ramírez,Unión Demócrata Independiente,M,https://www.camara.cl/img.aspx?prmid=chs923
"{'8': 29, '6': 29}",64,oandrade,924,Osvaldo Andrade Lara,Partido Socialista,M,https://www.camara.cl/img.aspx?prmid=chs924
"{'8': 20, '6': 20}",60,pepeauth,925,Pepe Auth Stewart,Partido Por la Democracia,M,https://www.camara.cl/img.aspx?prmid=chs925
{'6': 1},64,nbaltolu,926,Nino Baltolu Rasera,Unión Demócrata Independiente,M,https://www.camara.cl/img.aspx?prmid=chs926
"{'8': 28, '6': 28}",45,pbrowne,927,Pedro Browne Urrejola,Renovación Nacional,M,https://www.camara.cl/img.aspx?prmid=chs927
{'6': 6},46,gcalderon,928,Giovanni Calderón Bassi,Unión Demócrata Independiente,M,https://www.camara.cl/img.aspx?prmid=chs928
"{'8': 43, '6': 43}",44,ccampos,929,Cristián Campos Jara,Partido Por la Democracia,M,https://www.camara.cl/img.aspx?prmid=chs929
"{'8': 5, '6': 5}",65,lcarmona,930,Lautaro Carmona Soto,Partido Comunista,M,https://www.camara.cl/img.aspx?prmid=chs930
"{'8': 32, '6': 32}",57,jlcastro,931,Juan Luis Castro González,Partido Socialista,M,https://www.camara.cl/img.aspx?prmid=chs931
"{'6': 10, '1': 0}",84,ecerda,932,Eduardo Cerda García,Partido Demócrata Cristiano,M,https://www.camara.cl/img.aspx?prmid=chs932
"{'8': 13, '3': 13, '1': 0, '6': 13, '2': 13}",62,acornejo,933,Aldo Cornejo González,Partido Demócrata Cristiano,M,https://www.camara.cl/img.aspx?prmid=chs933
"{'8': 49, '6': 49}",40,fchahin,934,Fuad Chahin Valenzuela,Partido Demócrata Cristiano,M,https://www.camara.cl/img.aspx?prmid=chs934
"{'8': 51, '6': 51}",40,rojoedwards,935,Rojo Edwards Silva,Renovación Nacional,M,https://www.camara.cl/img.aspx?prmid=chs935
"{'8': 18, '6': 18}",55,cgirardi,936,Cristina Girardi Lavín,Partido Por la Democracia,F,https://www.camara.cl/img.aspx?prmid=chs936
"{'8': 2, '6': 2}",56,hgutierrez,937,Hugo Gutiérrez Gálvez,Partido Comunista,M,https://www.camara.cl/img.aspx?prmid=chs937
"{'8': 39, '6': 39}",55,rgutierrez,938,Romilio Gutiérrez Pino,Unión Demócrata Independiente,M,https://www.camara.cl/img.aspx?prmid=chs938
"{'8': 26, '6': 26}",45,ghasbun,939,Gustavo Hasbún Selume,Unión Demócrata Independiente,M,https://www.camara.cl/img.aspx?prmid=chs939
"{'8': 15, '6': 15}",40,mjhoffmann,940,María José Hoffmann Opazo,Unión Demócrata Independiente,F,https://www.camara.cl/img.aspx?prmid=chs940
"{'8': 9, '6': 9}",55,llemus,941,Luis Lemus Aracena,Partido Socialista,M,https://www.camara.cl/img.aspx?prmid=chs941
"{'8': 34, '6': 34}",39,jmacaya,942,Javier Macaya Danús,Unión Demócrata Independiente,M,https://www.camara.cl/img.aspx?prmid=chs942
{'6': 60},50,mmarinovic,943,Miodrag Marinovic Solo de Zaldívar,Independientes,M,https://www.camara.cl/img.aspx?prmid=chs943
"{'8': 10, '6': 10}",47,amolina,944,Andrea Molina Oliva,Unión Demócrata Independiente,F,https://www.camara.cl/img.aspx?prmid=chs944
"{'8': 36, '6': 36}",60,cmorales,945,Celso Morales Muñoz,Unión Demócrata Independiente,M,https://www.camara.cl/img.aspx?prmid=chs945
"{'8': 29, '6': 29}",60,lperezl,946,Leopoldo Pérez Lahsen,Renovación Nacional,M,https://www.camara.cl/img.aspx?prmid=chs946
"{'8': 33, '3': 33, '6': 33}",51,rrincon,947,Ricardo Rincón González,Partido Demócrata Cristiano,M,https://www.camara.cl/img.aspx?prmid=chs947
"{'8': 11, '6': 11}",39,grivas,948,Gaspar Rivas Sánchez,Renovación Nacional,M,https://www.camara.cl/img.aspx?prmid=chs948
"{'8': 21, '6': 21}",36,msabat,949,Marcela Sabat Fernández,Renovación Nacional,F,https://www.camara.cl/img.aspx?prmid=chs949
"{'8': 50, '6': 50}",62,rsaffirio,950,René Saffirio Espinoza,Partido Demócrata Cristiano,M,https://www.camara.cl/img.aspx?prmid=chs950
"{'8': 59, '6': 59}",65,dsandoval,951,David Sandoval Plaza,Unión Demócrata Independiente,M,https://www.camara.cl/img.aspx?prmid=chs951
"{'8': 58, '6': 58}",52,asantana,952,Alejandro Santana Tirachini,Renovación Nacional,M,https://www.camara.cl/img.aspx?prmid=chs952
{'6': 42},44,fs,953,Frank Sauerbaum Muñoz,Renovación Nacional,M,https://www.camara.cl/img.aspx?prmid=chs953
"{'8': 23, '6': 23}",42,esilva,954,Ernesto Silva Méndez,Unión Demócrata Independiente,M,https://www.camara.cl/img.aspx?prmid=chs954
"{'8': 12, '6': 12}",39,asquella,955,Arturo Squella Ovalle,Unión Demócrata Independiente,M,https://www.camara.cl/img.aspx?prmid=chs955
"{'8': 28, '6': 28}",74,gteillier,956,Guillermo Teillier Del Valle,Partido Comunista,M,https://www.camara.cl/img.aspx?prmid=chs956
"{'8': 15, '6': 15}",42,vtorres,957,Víctor Torres Jeldes,Partido Demócrata Cristiano,M,https://www.camara.cl/img.aspx?prmid=chs957
"{'8': 51, '6': 51}",76,jtuma,958,Joaquín Tuma Zedan,Partido Por la Democracia,M,https://www.camara.cl/img.aspx?prmid=chs958
"{'8': 44, '6': 44}",41,evr,959,Enrique Van Rysselberghe Herrera,Unión Demócrata Independiente,M,https://www.camara.cl/img.aspx?prmid=chs959
{'6': 1},65,ovargas,960,Orlando Vargas Pizarro,Partido Por la Democracia,M,https://www.camara.cl/img.aspx?prmid=chs960
{'6': 8},53,pvelasquez,961,Pedro Velásquez Seguel,Independientes,M,https://www.camara.cl/img.aspx?prmid=chs961
"{'6': 5, '3': 5, '1': 0, '4': 5, '2': 5}",73,cvilches,962,Carlos Vilches Guzmán,Renovación Nacional,M,https://www.camara.cl/img.aspx?prmid=chs962
"{'8': 8, '6': 8}",44,mwalker,963,Matías Walker Prieto,Partido Demócrata Cristiano,M,https://www.camara.cl/img.aspx?prmid=chs963
{'6': 20},55,mzalaquett,964,Mónica Zalaquett Said,Unión Demócrata Independiente,F,https://www.camara.cl/img.aspx?prmid=chs964
{'6': 31},63,cletelier,965,Cristian Letelier Aguilar,Independientes,M,https://www.camara.cl/img.aspx?prmid=chs965
{'6': 47},62,jrosales,966,Joel Rosales Guzmán,Unión Demócrata Independiente,M,https://www.camara.cl/img.aspx?prmid=chs966
"{'8': 32, '6': 32}",37,ikort,967,Issa Kort Garriga,Unión Demócrata Independiente,M,https://www.camara.cl/img.aspx?prmid=chs967
