A FAVOR,"Andrés Allamand Zavala","Isabel Allende Bussi","Pedro Araya Guerrero","Carlos Bianchi Chelech","Francisco Chahuán Chahuán","Coloma C., Juan Antonio","De Urresti L., Alfonso","Alberto Espina Otero","García Huidobro S., Alejandro","José García Ruminot","Guido Girardi Lavín","Carolina Goic Boroevic","Alejandro Guillier Álvarez","Felipe Harboe Bascuñán","Antonio Horvath Kiss","Ricardo Lagos Weber","Hernán Larraín Fernández","Letelier M., Juan Pablo","Matta A., Manuel Antonio","Carlos Montes Cisternas","Iván Moreira Barros","Adriana Muñoz D`Albora","Alejandro Navarro Brain","Jaime Orpis Bouchon","Ossandón I., Manuel José","Jorge Pizarro Soto","Baldo Prokurica Prokurica","Lily Pérez San Martín","Víctor Pérez Varela","Jaime Quintana Leal","Rabindranath Quinteros Lara","Fulvio Rossi Ciocca","Eugenio Tuma Zedán","Van Rysselberghe H., Jacqueline","Von Baer J., Ena","Ignacio Walker Prieto","Patricio Walker Prieto","Andrés Zaldívar Larraín",fecha,nombre,quorum,sesion
0,NO ASISTE,A FAVOR,A FAVOR,A FAVOR,A FAVOR,A FAVOR,A FAVOR,A FAVOR,A FAVOR,A FAVOR,A FAVOR,A FAVOR,A FAVOR,A FAVOR,A FAVOR,A FAVOR,A FAVOR,A FAVOR,NO ASISTE,A FAVOR,NO ASISTE,A FAVOR,A FAVOR,NO ASISTE,A FAVOR,A FAVOR,A FAVOR,A FAVOR,A FAVOR,A FAVOR,A FAVOR,A FAVOR,A FAVOR,NO ASISTE,A FAVOR,A FAVOR,NO ASISTE,A FAVOR,21-03-2017,"Proyecto de ley, en segundo trámite constitucional, que establece un nuevo gobierno corporativo de la Empresa Nacional del Petróleo.",indefinido,3/365
1,A FAVOR,A FAVOR,A FAVOR,A FAVOR,A FAVOR,A FAVOR,A FAVOR,A FAVOR,A FAVOR,A FAVOR,NO ASISTE,A FAVOR,NO ASISTE,NO ASISTE,A FAVOR,NO ASISTE,PAREO,A FAVOR,NO ASISTE,A FAVOR,PAREO,A FAVOR,A FAVOR,NO ASISTE,NO ASISTE,A FAVOR,A FAVOR,NO ASISTE,A FAVOR,NO ASISTE,A FAVOR,A FAVOR,A FAVOR,NO ASISTE,A FAVOR,A FAVOR,A FAVOR,NO ASISTE,20-06-2017,"Proyecto de ley, en segundo trámite constitucional, que establece un nuevo gobierno corporativo de la Empresa Nacional del Petróleo.
Enmiendas unánimes propuestas por las Comisiones, con las siguientes excepciones:
Artículo 6º transitorio
Norma que se pide revisión de inadmisibilidad
Normas de quórum orgánico constitucional


",indefinido,24/365
2,A FAVOR,A FAVOR,A FAVOR,A FAVOR,A FAVOR,A FAVOR,A FAVOR,A FAVOR,NO ASISTE,A FAVOR,NO ASISTE,A FAVOR,NO ASISTE,NO ASISTE,A FAVOR,NO ASISTE,PAREO,A FAVOR,NO ASISTE,A FAVOR,PAREO,A FAVOR,A FAVOR,NO ASISTE,NO ASISTE,EN CONTRA,A FAVOR,NO ASISTE,A FAVOR,NO ASISTE,A FAVOR,NO ASISTE,A FAVOR,NO ASISTE,A FAVOR,NO ASISTE,A FAVOR,NO ASISTE,20-06-2017,Reconsideración de  la declaración de inadmisibilidad que recayó sobre la indicación correspondiente a la Nº 24 del Boletín de indicaciones.,indefinido,24/365
3,NO ASISTE,A FAVOR,A FAVOR,A FAVOR,A FAVOR,ABSTENCION,A FAVOR,A FAVOR,NO ASISTE,NO ASISTE,NO ASISTE,A FAVOR,NO ASISTE,NO ASISTE,A FAVOR,NO ASISTE,PAREO,A FAVOR,NO ASISTE,A FAVOR,PAREO,A FAVOR,A FAVOR,NO ASISTE,NO ASISTE,EN CONTRA,A FAVOR,NO ASISTE,A FAVOR,NO ASISTE,A FAVOR,A FAVOR,ABSTENCION,NO ASISTE,NO ASISTE,NO ASISTE,NO ASISTE,NO ASISTE,20-06-2017,Indicación renovada correspondiente a la Nº 24 del Boletín de indicaciones.,indefinido,24/365
4,EN CONTRA,A FAVOR,A FAVOR,A FAVOR,NO ASISTE,EN CONTRA,A FAVOR,EN CONTRA,EN CONTRA,EN CONTRA,NO ASISTE,A FAVOR,NO ASISTE,A FAVOR,NO ASISTE,NO ASISTE,PAREO,A FAVOR,ABSTENCION,A FAVOR,PAREO,A FAVOR,A FAVOR,NO ASISTE,NO ASISTE,A FAVOR,ABSTENCION,NO ASISTE,NO ASISTE,NO ASISTE,A FAVOR,A FAVOR,A FAVOR,NO ASISTE,EN CONTRA,A FAVOR,A FAVOR,NO ASISTE,20-06-2017,Artículo 3º inciso segundo letra c),indefinido,24/365
5,A FAVOR,EN CONTRA,EN CONTRA,EN CONTRA,A FAVOR,A FAVOR,EN CONTRA,A FAVOR,A FAVOR,A FAVOR,NO ASISTE,EN CONTRA,NO ASISTE,EN CONTRA,NO ASISTE,NO ASISTE,PAREO,EN CONTRA,EN CONTRA,EN CONTRA,NO ASISTE,EN CONTRA,EN CONTRA,NO ASISTE,NO ASISTE,EN CONTRA,A FAVOR,NO ASISTE,NO ASISTE,NO ASISTE,EN CONTRA,EN CONTRA,EN CONTRA,NO ASISTE,A FAVOR,EN CONTRA,EN CONTRA,NO ASISTE,20-06-2017,Indicación renovada correspondiente a la Nº 62 bis del Boletín de indicaciones.,indefinido,24/365
6,NO ASISTE,NO ASISTE,A FAVOR,A FAVOR,NO ASISTE,NO ASISTE,A FAVOR,NO ASISTE,A FAVOR,NO ASISTE,A FAVOR,A FAVOR,NO ASISTE,NO ASISTE,A FAVOR,NO ASISTE,A FAVOR,NO ASISTE,A FAVOR,A FAVOR,NO ASISTE,A FAVOR,A FAVOR,NO ASISTE,NO ASISTE,A FAVOR,A FAVOR,A FAVOR,A FAVOR,NO ASISTE,A FAVOR,A FAVOR,A FAVOR,A FAVOR,A FAVOR,A FAVOR,A FAVOR,A FAVOR,21-06-2017,"Enmienda propuesta por la Comisión de Hacienda que recae sobre el artículo 1º numero 1, letra b).


",indefinido,25/365
7,A FAVOR,NO ASISTE,EN CONTRA,A FAVOR,A FAVOR,A FAVOR,A FAVOR,NO ASISTE,A FAVOR,NO ASISTE,EN CONTRA,EN CONTRA,NO ASISTE,EN CONTRA,A FAVOR,NO ASISTE,A FAVOR,EN CONTRA,EN CONTRA,EN CONTRA,A FAVOR,EN CONTRA,A FAVOR,NO ASISTE,NO ASISTE,EN CONTRA,A FAVOR,A FAVOR,A FAVOR,NO ASISTE,EN CONTRA,EN CONTRA,NO ASISTE,A FAVOR,A FAVOR,EN CONTRA,EN CONTRA,EN CONTRA,21-06-2017,"Enmienda propuesta por la Comisión de Minería y Energía que agrega una oración final al inciso noveno del artículo 3º.

",indefinido,25/365
8,NO ASISTE,NO ASISTE,NO ASISTE,A FAVOR,A FAVOR,NO ASISTE,A FAVOR,NO ASISTE,A FAVOR,NO ASISTE,NO ASISTE,A FAVOR,A FAVOR,A FAVOR,A FAVOR,NO ASISTE,A FAVOR,A FAVOR,NO ASISTE,A FAVOR,A FAVOR,A FAVOR,A FAVOR,NO ASISTE,NO ASISTE,A FAVOR,A FAVOR,A FAVOR,NO ASISTE,NO ASISTE,A FAVOR,A FAVOR,NO ASISTE,A FAVOR,A FAVOR,A FAVOR,A FAVOR,A FAVOR,21-06-2017,Inciso noveno del artículo 3º aprobado en general por el Senado.,indefinido,25/365
9,A FAVOR,A FAVOR,NO ASISTE,A FAVOR,A FAVOR,NO ASISTE,A FAVOR,NO ASISTE,NO ASISTE,NO ASISTE,NO ASISTE,A FAVOR,NO ASISTE,A FAVOR,NO ASISTE,NO ASISTE,A FAVOR,NO ASISTE,NO ASISTE,A FAVOR,A FAVOR,A FAVOR,A FAVOR,NO ASISTE,A FAVOR,A FAVOR,A FAVOR,A FAVOR,A FAVOR,A FAVOR,A FAVOR,NO ASISTE,A FAVOR,A FAVOR,NO ASISTE,NO ASISTE,A FAVOR,A FAVOR,12-09-2017,"Proyecto de ley, proyecto de ley, en segundo trámite constitucional, que declara feriado el día 20 de septiembre de cada año en la Región de Coquimbo con ocasión de la Fiesta de la Pampilla.
",indefinido,45/365
10,NO ASISTE,NO ASISTE,A FAVOR,A FAVOR,NO ASISTE,A FAVOR,A FAVOR,A FAVOR,A FAVOR,A FAVOR,A FAVOR,NO ASISTE,NO ASISTE,A FAVOR,NO ASISTE,NO ASISTE,A FAVOR,A FAVOR,A FAVOR,NO ASISTE,A FAVOR,A FAVOR,NO ASISTE,NO ASISTE,NO ASISTE,A FAVOR,A FAVOR,A FAVOR,A FAVOR,A FAVOR,A FAVOR,A FAVOR,PAREO,A FAVOR,A FAVOR,A FAVOR,A FAVOR,A FAVOR,13-09-2016,"Proyecto de ley, en primer trámite constitucional, que modifica el Código Penal en lo relativo a los delitos de cohecho y soborno, aumentando las penas, tipifica los delitos de soborno entre particulares y de administración desleal; y la ley N° 20.393, que establece la responsabilidad penal de las personas jurídicas en los delitos de lavado de activos, financiamiento del terrorismo y delitos de cohecho que indica.",indefinido,48/364
11,A FAVOR,NO ASISTE,A FAVOR,A FAVOR,NO ASISTE,A FAVOR,NO ASISTE,NO ASISTE,A FAVOR,A FAVOR,A FAVOR,A FAVOR,A FAVOR,NO ASISTE,A FAVOR,A FAVOR,A FAVOR,A FAVOR,NO ASISTE,A FAVOR,A FAVOR,A FAVOR,NO ASISTE,NO ASISTE,A FAVOR,A FAVOR,NO ASISTE,A FAVOR,A FAVOR,A FAVOR,A FAVOR,NO ASISTE,NO ASISTE,A FAVOR,NO ASISTE,NO ASISTE,A FAVOR,A FAVOR,15-04-2015,"Aprobación en general del proyecto de ley, en segundo trámite constitucional, que incentiva la inclusión de discapacitados al mundo laboral y modifica la ley N° 20.422, para establecer la reserva legal de empleos para personas discapacidad, con informe de la Comisión de Trabajo y Previsión Social (Boletines N°s 7.025-13 y 7.855-13, refundidos). ",indefinido,10/363
12,A FAVOR,A FAVOR,A FAVOR,A FAVOR,A FAVOR,A FAVOR,A FAVOR,NO ASISTE,A FAVOR,A FAVOR,NO ASISTE,A FAVOR,A FAVOR,A FAVOR,A FAVOR,A FAVOR,A FAVOR,A FAVOR,A FAVOR,A FAVOR,A FAVOR,A FAVOR,NO ASISTE,NO ASISTE,A FAVOR,A FAVOR,A FAVOR,A FAVOR,A FAVOR,NO ASISTE,A FAVOR,NO ASISTE,A FAVOR,NO ASISTE,A FAVOR,NO ASISTE,A FAVOR,NO ASISTE,25-10-2016,"Proyecto de ley, en segundo trámite constitucional, que incentiva la inclusión de discapacitados al mundo laboral y modifica la ley N° 20.422, para establecer la reserva legal de empleos para personas con discapacidad.
Todas las enmiendas de quórum calificado aprobadas, en forma unánime, por la Comisión de Trabajo y Previsión Social al texto aprobado en general.

",indefinido,57/364
13,NO ASISTE,NO ASISTE,NO ASISTE,NO ASISTE,NO ASISTE,A FAVOR,NO ASISTE,NO ASISTE,NO ASISTE,A FAVOR,A FAVOR,A FAVOR,NO ASISTE,NO ASISTE,A FAVOR,A FAVOR,A FAVOR,A FAVOR,NO ASISTE,NO ASISTE,NO ASISTE,A FAVOR,A FAVOR,NO ASISTE,NO ASISTE,A FAVOR,NO ASISTE,A FAVOR,NO ASISTE,NO ASISTE,A FAVOR,NO ASISTE,PAREO,NO ASISTE,NO ASISTE,NO ASISTE,A FAVOR,A FAVOR,14-06-2017,"Informe de la Comisión Mixta constituida para resolver las divergencias suscitadas durante la tramitación del proyecto de ley que modifica el decreto ley N° 3.500, de 1980, que Establece Nuevo Sistema de Pensiones, con el objeto de eliminar el beneficio de que gozan las AFP en materia de intereses de las cotizaciones previsionales adeudadas.",indefinido,23/365
14,NO ASISTE,A FAVOR,A FAVOR,A FAVOR,A FAVOR,NO ASISTE,NO ASISTE,A FAVOR,NO ASISTE,A FAVOR,A FAVOR,A FAVOR,A FAVOR,A FAVOR,A FAVOR,NO ASISTE,A FAVOR,A FAVOR,A FAVOR,A FAVOR,NO ASISTE,A FAVOR,NO ASISTE,NO ASISTE,A FAVOR,A FAVOR,A FAVOR,A FAVOR,A FAVOR,NO ASISTE,NO ASISTE,NO ASISTE,A FAVOR,A FAVOR,A FAVOR,A FAVOR,A FAVOR,A FAVOR,31-05-2017,"Proyecto de ley, en segundo trámite constitucional, que concede la nacionalidad por gracia al deportista Arley Méndez Pérez.",indefinido,19/365
15,NO ASISTE,NO ASISTE,NO ASISTE,NO ASISTE,NO ASISTE,A FAVOR,NO ASISTE,NO ASISTE,NO ASISTE,A FAVOR,A FAVOR,A FAVOR,NO ASISTE,NO ASISTE,A FAVOR,A FAVOR,A FAVOR,A FAVOR,NO ASISTE,NO ASISTE,NO ASISTE,A FAVOR,A FAVOR,NO ASISTE,NO ASISTE,A FAVOR,NO ASISTE,A FAVOR,NO ASISTE,NO ASISTE,A FAVOR,NO ASISTE,PAREO,NO ASISTE,NO ASISTE,NO ASISTE,A FAVOR,A FAVOR,14-06-2017,"Informe de la Comisión Mixta constituida para resolver las divergencias suscitadas durante la tramitación del proyecto de ley que modifica el decreto ley N° 3.500, de 1980, que Establece Nuevo Sistema de Pensiones, con el objeto de eliminar el beneficio de que gozan las AFP en materia de intereses de las cotizaciones previsionales adeudadas.",indefinido,23/365
16,A FAVOR,NO ASISTE,NO ASISTE,A FAVOR,A FAVOR,A FAVOR,NO ASISTE,NO ASISTE,A FAVOR,A FAVOR,A FAVOR,NO ASISTE,A FAVOR,A FAVOR,NO ASISTE,NO ASISTE,A FAVOR,A FAVOR,NO ASISTE,A FAVOR,A FAVOR,A FAVOR,A FAVOR,NO ASISTE,NO ASISTE,A FAVOR,A FAVOR,A FAVOR,A FAVOR,A FAVOR,A FAVOR,NO ASISTE,A FAVOR,A FAVOR,A FAVOR,A FAVOR,A FAVOR,A FAVOR,11-07-2017,"Proyecto de ley, en segundo trámite constitucional, que crea un mecanismo de estabilización del precio del cobre para la pequeña minería. Aprobado en general.",indefinido,28/365
17,A FAVOR,A FAVOR,A FAVOR,A FAVOR,NO ASISTE,A FAVOR,A FAVOR,NO ASISTE,A FAVOR,A FAVOR,A FAVOR,NO ASISTE,A FAVOR,NO ASISTE,NO ASISTE,A FAVOR,A FAVOR,NO ASISTE,A FAVOR,A FAVOR,NO ASISTE,A FAVOR,NO ASISTE,NO ASISTE,A FAVOR,A FAVOR,A FAVOR,A FAVOR,A FAVOR,A FAVOR,A FAVOR,NO ASISTE,A FAVOR,A FAVOR,A FAVOR,A FAVOR,NO ASISTE,A FAVOR,24-10-2017,Enmiendas de las Comisiones informantes.,indefinido,57/365
18,NO ASISTE,NO ASISTE,A FAVOR,NO ASISTE,A FAVOR,A FAVOR,NO ASISTE,NO ASISTE,A FAVOR,A FAVOR,A FAVOR,A FAVOR,A FAVOR,NO ASISTE,A FAVOR,NO ASISTE,NO ASISTE,A FAVOR,NO ASISTE,A FAVOR,A FAVOR,A FAVOR,A FAVOR,NO ASISTE,A FAVOR,NO ASISTE,NO ASISTE,A FAVOR,NO ASISTE,A FAVOR,A FAVOR,NO ASISTE,NO ASISTE,NO ASISTE,NO ASISTE,A FAVOR,NO ASISTE,A FAVOR,17-08-2016,"Proyecto de ley, iniciado en moción de los Honorables Senadores señora Allende y señores De Urresti, Letelier, Navarro y Quinteros, en primer trámite constitucional, que concede nacionalidad por gracia al ciudadano estadounidense, señor Thomas Dalton Dillehay.",indefinido,42/364
19,EN CONTRA,A FAVOR,A FAVOR,A FAVOR,EN CONTRA,EN CONTRA,A FAVOR,EN CONTRA,EN CONTRA,EN CONTRA,A FAVOR,A FAVOR,A FAVOR,A FAVOR,EN CONTRA,A FAVOR,EN CONTRA,A FAVOR,ABSTENCION,A FAVOR,EN CONTRA,A FAVOR,A FAVOR,NO ASISTE,EN CONTRA,A FAVOR,EN CONTRA,A FAVOR,EN CONTRA,A FAVOR,A FAVOR,A FAVOR,A FAVOR,EN CONTRA,EN CONTRA,A FAVOR,EN CONTRA,ABSTENCION,25-01-2017,"Proyecto de ley, en segundo trámite constitucional, que regula la despenalización de la interrupción voluntaria del embarazo en tres causales.",indefinido,84/364
20,A FAVOR,EN CONTRA,EN CONTRA,A FAVOR,A FAVOR,A FAVOR,EN CONTRA,A FAVOR,A FAVOR,A FAVOR,EN CONTRA,EN CONTRA,EN CONTRA,EN CONTRA,NO ASISTE,EN CONTRA,A FAVOR,EN CONTRA,A FAVOR,EN CONTRA,A FAVOR,EN CONTRA,EN CONTRA,NO ASISTE,NO ASISTE,EN CONTRA,A FAVOR,A FAVOR,A FAVOR,EN CONTRA,EN CONTRA,EN CONTRA,NO ASISTE,A FAVOR,A FAVOR,EN CONTRA,A FAVOR,A FAVOR,17-07-2017,"Votación recaída en la indicación número 3, de 30 de marzo de 2017, renovada, del Honorable Senador señor Zaldívar.",indefinido,31/365
21,A FAVOR,EN CONTRA,EN CONTRA,A FAVOR,A FAVOR,A FAVOR,EN CONTRA,A FAVOR,A FAVOR,A FAVOR,EN CONTRA,EN CONTRA,EN CONTRA,EN CONTRA,NO ASISTE,EN CONTRA,A FAVOR,EN CONTRA,A FAVOR,EN CONTRA,A FAVOR,EN CONTRA,EN CONTRA,NO ASISTE,NO ASISTE,EN CONTRA,A FAVOR,A FAVOR,A FAVOR,EN CONTRA,EN CONTRA,EN CONTRA,NO ASISTE,A FAVOR,A FAVOR,EN CONTRA,A FAVOR,A FAVOR,17-07-2017,"Repetida la votación sobre la indicación número 3, del H. Senador señor Zaldívar, renovada, de conformidad con lo dispuesto en la primera parte del artículo 182 del Reglamento del Senado, nuevamente hubo empate. Por tanto, de acuerdo al mismo precepto, el asunto quedó para ser definido en la sesión ordinaria siguiente.",indefinido,31/365
22,A FAVOR,EN CONTRA,EN CONTRA,A FAVOR,A FAVOR,A FAVOR,EN CONTRA,A FAVOR,A FAVOR,A FAVOR,EN CONTRA,EN CONTRA,EN CONTRA,EN CONTRA,A FAVOR,EN CONTRA,A FAVOR,EN CONTRA,NO ASISTE,EN CONTRA,A FAVOR,EN CONTRA,EN CONTRA,NO ASISTE,A FAVOR,EN CONTRA,A FAVOR,NO ASISTE,A FAVOR,EN CONTRA,EN CONTRA,EN CONTRA,EN CONTRA,A FAVOR,A FAVOR,EN CONTRA,A FAVOR,A FAVOR,18-07-2017,"Indicación renovada que correspondiente a la Nª 3.- Del Honorable Senador señor Zaldívar, del Boletin de indicaciones.",indefinido,32/365
23,A FAVOR,EN CONTRA,EN CONTRA,EN CONTRA,A FAVOR,A FAVOR,EN CONTRA,A FAVOR,A FAVOR,A FAVOR,EN CONTRA,EN CONTRA,EN CONTRA,EN CONTRA,A FAVOR,EN CONTRA,A FAVOR,EN CONTRA,NO ASISTE,EN CONTRA,A FAVOR,EN CONTRA,EN CONTRA,NO ASISTE,A FAVOR,EN CONTRA,A FAVOR,EN CONTRA,A FAVOR,EN CONTRA,EN CONTRA,EN CONTRA,EN CONTRA,A FAVOR,A FAVOR,EN CONTRA,NO ASISTE,NO ASISTE,18-07-2017,Indicaciones renovadas correspondientes a las Números 8 y 9 del Boletín de indicaciones.,indefinido,32/365
24,EN CONTRA,A FAVOR,A FAVOR,A FAVOR,EN CONTRA,EN CONTRA,A FAVOR,EN CONTRA,EN CONTRA,EN CONTRA,A FAVOR,A FAVOR,A FAVOR,A FAVOR,EN CONTRA,A FAVOR,EN CONTRA,A FAVOR,NO ASISTE,A FAVOR,EN CONTRA,A FAVOR,A FAVOR,NO ASISTE,EN CONTRA,A FAVOR,EN CONTRA,A FAVOR,EN CONTRA,A FAVOR,A FAVOR,A FAVOR,A FAVOR,EN CONTRA,EN CONTRA,A FAVOR,NO ASISTE,NO ASISTE,18-07-2017,"Articulo 119, inciso primero, Número 1, contenida en el artículo 1º Nº 1.",indefinido,32/365
25,A FAVOR,EN CONTRA,EN CONTRA,NO ASISTE,A FAVOR,A FAVOR,EN CONTRA,A FAVOR,A FAVOR,A FAVOR,EN CONTRA,EN CONTRA,EN CONTRA,EN CONTRA,A FAVOR,EN CONTRA,A FAVOR,EN CONTRA,NO ASISTE,EN CONTRA,A FAVOR,EN CONTRA,EN CONTRA,NO ASISTE,A FAVOR,EN CONTRA,A FAVOR,EN CONTRA,A FAVOR,EN CONTRA,EN CONTRA,EN CONTRA,EN CONTRA,A FAVOR,A FAVOR,EN CONTRA,A FAVOR,EN CONTRA,18-07-2017,Indicaciones renovadas correspondientes a las Números 15 y 16 del Boletín de indicaciones.,indefinido,32/365
26,EN CONTRA,A FAVOR,A FAVOR,NO ASISTE,EN CONTRA,EN CONTRA,A FAVOR,EN CONTRA,EN CONTRA,EN CONTRA,A FAVOR,A FAVOR,A FAVOR,A FAVOR,EN CONTRA,A FAVOR,EN CONTRA,NO ASISTE,NO ASISTE,A FAVOR,EN CONTRA,A FAVOR,A FAVOR,NO ASISTE,EN CONTRA,A FAVOR,EN CONTRA,A FAVOR,NO ASISTE,A FAVOR,A FAVOR,A FAVOR,A FAVOR,EN CONTRA,EN CONTRA,A FAVOR,EN CONTRA,A FAVOR,18-07-2017,"Articulo 119, inciso primero, Número 2, contenida en el artículo 1º Nº 1.",indefinido,32/365
27,A FAVOR,EN CONTRA,EN CONTRA,A FAVOR,A FAVOR,A FAVOR,EN CONTRA,A FAVOR,A FAVOR,A FAVOR,EN CONTRA,EN CONTRA,EN CONTRA,EN CONTRA,A FAVOR,EN CONTRA,A FAVOR,NO ASISTE,NO ASISTE,EN CONTRA,A FAVOR,EN CONTRA,EN CONTRA,NO ASISTE,A FAVOR,EN CONTRA,A FAVOR,EN CONTRA,NO ASISTE,EN CONTRA,EN CONTRA,EN CONTRA,EN CONTRA,A FAVOR,A FAVOR,EN CONTRA,A FAVOR,A FAVOR,19-07-2017,Indicaciones renovadas correspondientes a las Números 21 y 22 del Boletín de indicaciones.,indefinido,32/365
28,ABSTENCION,A FAVOR,A FAVOR,NO ASISTE,ABSTENCION,EN CONTRA,A FAVOR,ABSTENCION,EN CONTRA,ABSTENCION,A FAVOR,A FAVOR,A FAVOR,A FAVOR,NO ASISTE,A FAVOR,ABSTENCION,NO ASISTE,NO ASISTE,A FAVOR,EN CONTRA,A FAVOR,A FAVOR,NO ASISTE,EN CONTRA,A FAVOR,ABSTENCION,A FAVOR,NO ASISTE,A FAVOR,A FAVOR,A FAVOR,A FAVOR,EN CONTRA,EN CONTRA,A FAVOR,NO ASISTE,A FAVOR,19-07-2017,"Votación separada del artículo 119 inciso segundo, contenida en el artículo 1º Nº 1 ",indefinido,32/365
29,ABSTENCION,A FAVOR,A FAVOR,A FAVOR,ABSTENCION,NO ASISTE,A FAVOR,ABSTENCION,EN CONTRA,ABSTENCION,A FAVOR,A FAVOR,A FAVOR,A FAVOR,NO ASISTE,A FAVOR,ABSTENCION,NO ASISTE,NO ASISTE,A FAVOR,EN CONTRA,A FAVOR,A FAVOR,NO ASISTE,NO ASISTE,A FAVOR,ABSTENCION,A FAVOR,NO ASISTE,A FAVOR,A FAVOR,A FAVOR,NO ASISTE,EN CONTRA,EN CONTRA,A FAVOR,A FAVOR,A FAVOR,19-07-2017,"Votación separada del artículo 119, inciso tercero, contenida en el artículo 1º Nº 1 ",indefinido,32/365
30,EN CONTRA,A FAVOR,A FAVOR,A FAVOR,EN CONTRA,EN CONTRA,A FAVOR,EN CONTRA,EN CONTRA,EN CONTRA,A FAVOR,A FAVOR,A FAVOR,A FAVOR,NO ASISTE,A FAVOR,EN CONTRA,NO ASISTE,NO ASISTE,A FAVOR,EN CONTRA,A FAVOR,A FAVOR,NO ASISTE,NO ASISTE,A FAVOR,EN CONTRA,A FAVOR,NO ASISTE,A FAVOR,A FAVOR,A FAVOR,A FAVOR,EN CONTRA,EN CONTRA,A FAVOR,A FAVOR,A FAVOR,19-07-2017,"Votación separada del artículo 119, inciso cuarto, contenida en el artículo 1º Nº 1 ",indefinido,32/365
31,EN CONTRA,A FAVOR,A FAVOR,A FAVOR,EN CONTRA,EN CONTRA,A FAVOR,EN CONTRA,EN CONTRA,EN CONTRA,A FAVOR,A FAVOR,A FAVOR,A FAVOR,NO ASISTE,A FAVOR,EN CONTRA,NO ASISTE,NO ASISTE,A FAVOR,EN CONTRA,A FAVOR,A FAVOR,NO ASISTE,NO ASISTE,A FAVOR,EN CONTRA,A FAVOR,NO ASISTE,A FAVOR,A FAVOR,A FAVOR,A FAVOR,EN CONTRA,EN CONTRA,A FAVOR,A FAVOR,A FAVOR,19-07-2017,"Votación separada del artículo 119, incisos quinto y sexto, contenidos en el artículo 1º Nº 1 ",indefinido,32/365
32,EN CONTRA,A FAVOR,A FAVOR,A FAVOR,EN CONTRA,EN CONTRA,A FAVOR,EN CONTRA,EN CONTRA,EN CONTRA,A FAVOR,A FAVOR,A FAVOR,A FAVOR,NO ASISTE,A FAVOR,EN CONTRA,NO ASISTE,NO ASISTE,A FAVOR,EN CONTRA,A FAVOR,A FAVOR,NO ASISTE,NO ASISTE,A FAVOR,EN CONTRA,A FAVOR,NO ASISTE,A FAVOR,A FAVOR,A FAVOR,NO ASISTE,EN CONTRA,EN CONTRA,A FAVOR,A FAVOR,A FAVOR,19-07-2017,"Votación separada del artículo 119, inciso séptimo, contenidos en el artículo 1º Nº 1 ",indefinido,32/365
33,EN CONTRA,A FAVOR,A FAVOR,A FAVOR,EN CONTRA,EN CONTRA,A FAVOR,EN CONTRA,EN CONTRA,EN CONTRA,A FAVOR,A FAVOR,A FAVOR,A FAVOR,NO ASISTE,A FAVOR,ABSTENCION,NO ASISTE,NO ASISTE,A FAVOR,EN CONTRA,A FAVOR,EN CONTRA,NO ASISTE,NO ASISTE,A FAVOR,EN CONTRA,NO ASISTE,NO ASISTE,A FAVOR,A FAVOR,A FAVOR,NO ASISTE,EN CONTRA,EN CONTRA,A FAVOR,A FAVOR,A FAVOR,19-07-2017,"Votación separada del artículo 119, incisos octavo y noveno, contenidos en el artículo 1º Nº 1 ",indefinido,32/365
34,A FAVOR,EN CONTRA,NO ASISTE,A FAVOR,A FAVOR,A FAVOR,EN CONTRA,A FAVOR,A FAVOR,PAREO,NO ASISTE,NO ASISTE,ABSTENCION,EN CONTRA,NO ASISTE,NO ASISTE,A FAVOR,NO ASISTE,NO ASISTE,EN CONTRA,NO ASISTE,EN CONTRA,A FAVOR,NO ASISTE,NO ASISTE,A FAVOR,A FAVOR,A FAVOR,NO ASISTE,EN CONTRA,EN CONTRA,NO ASISTE,NO ASISTE,A FAVOR,A FAVOR,EN CONTRA,A FAVOR,A FAVOR,19-07-2017,Votación de la admisibilidad de la Indicación renovada correspondiente a la indicación Número 58 del Boletín de Indicaciones ,indefinido,32/365
35,A FAVOR,EN CONTRA,EN CONTRA,A FAVOR,A FAVOR,A FAVOR,EN CONTRA,A FAVOR,A FAVOR,PAREO,ABSTENCION,A FAVOR,EN CONTRA,EN CONTRA,NO ASISTE,NO ASISTE,A FAVOR,NO ASISTE,NO ASISTE,NO ASISTE,NO ASISTE,EN CONTRA,A FAVOR,NO ASISTE,NO ASISTE,A FAVOR,A FAVOR,A FAVOR,NO ASISTE,EN CONTRA,EN CONTRA,NO ASISTE,NO ASISTE,A FAVOR,A FAVOR,EN CONTRA,A FAVOR,A FAVOR,19-07-2017,Indicación renovada correspondiente a la indicación Número 58 del Boletín de Indicaciones ,indefinido,32/365
36,EN CONTRA,A FAVOR,A FAVOR,EN CONTRA,EN CONTRA,EN CONTRA,A FAVOR,EN CONTRA,EN CONTRA,PAREO,A FAVOR,A FAVOR,A FAVOR,A FAVOR,NO ASISTE,NO ASISTE,EN CONTRA,NO ASISTE,NO ASISTE,A FAVOR,NO ASISTE,A FAVOR,A FAVOR,NO ASISTE,NO ASISTE,A FAVOR,EN CONTRA,EN CONTRA,NO ASISTE,A FAVOR,A FAVOR,NO ASISTE,NO ASISTE,EN CONTRA,EN CONTRA,A FAVOR,EN CONTRA,EN CONTRA,19-07-2017,"Votación separada de la frase: ""apoyo adicional al"" del artículo 119, inciso decimotercero.",indefinido,32/365
37,A FAVOR,EN CONTRA,EN CONTRA,NO ASISTE,A FAVOR,A FAVOR,EN CONTRA,A FAVOR,A FAVOR,PAREO,EN CONTRA,EN CONTRA,EN CONTRA,EN CONTRA,NO ASISTE,NO ASISTE,A FAVOR,NO ASISTE,NO ASISTE,EN CONTRA,NO ASISTE,EN CONTRA,EN CONTRA,NO ASISTE,NO ASISTE,EN CONTRA,A FAVOR,NO ASISTE,NO ASISTE,EN CONTRA,EN CONTRA,NO ASISTE,NO ASISTE,A FAVOR,A FAVOR,EN CONTRA,NO ASISTE,EN CONTRA,19-07-2017,"Indicación renovada correspondiente a la indicación Número 55 del Boletín de Indicaciones

",indefinido,32/365
38,A FAVOR,A FAVOR,A FAVOR,A FAVOR,ABSTENCION,ABSTENCION,A FAVOR,A FAVOR,ABSTENCION,NO ASISTE,A FAVOR,A FAVOR,A FAVOR,A FAVOR,NO ASISTE,NO ASISTE,ABSTENCION,NO ASISTE,NO ASISTE,A FAVOR,NO ASISTE,A FAVOR,A FAVOR,NO ASISTE,NO ASISTE,A FAVOR,ABSTENCION,A FAVOR,NO ASISTE,A FAVOR,A FAVOR,NO ASISTE,NO ASISTE,ABSTENCION,ABSTENCION,A FAVOR,A FAVOR,A FAVOR,19-07-2017,"votación separada del artículo 119, incisos decimo, undécimo, decimotercero, y decimo catorce.",indefinido,32/365
39,A FAVOR,A FAVOR,A FAVOR,A FAVOR,ABSTENCION,ABSTENCION,A FAVOR,A FAVOR,ABSTENCION,NO ASISTE,A FAVOR,A FAVOR,A FAVOR,A FAVOR,NO ASISTE,NO ASISTE,ABSTENCION,NO ASISTE,NO ASISTE,A FAVOR,NO ASISTE,A FAVOR,A FAVOR,NO ASISTE,NO ASISTE,A FAVOR,ABSTENCION,A FAVOR,NO ASISTE,A FAVOR,A FAVOR,NO ASISTE,NO ASISTE,ABSTENCION,ABSTENCION,A FAVOR,A FAVOR,A FAVOR,19-07-2017,"Votación separada del artículo 119, inciso duodécimo.",indefinido,32/365
40,A FAVOR,EN CONTRA,EN CONTRA,NO ASISTE,A FAVOR,A FAVOR,EN CONTRA,A FAVOR,A FAVOR,PAREO,EN CONTRA,EN CONTRA,EN CONTRA,EN CONTRA,NO ASISTE,NO ASISTE,A FAVOR,NO ASISTE,NO ASISTE,EN CONTRA,NO ASISTE,EN CONTRA,EN CONTRA,NO ASISTE,NO ASISTE,EN CONTRA,A FAVOR,NO ASISTE,NO ASISTE,EN CONTRA,EN CONTRA,NO ASISTE,NO ASISTE,A FAVOR,A FAVOR,EN CONTRA,NO ASISTE,EN CONTRA,19-07-2017,Indicación renovada correspondiente a la indicación Números 78 y 79 del Boletín de Indicaciones,indefinido,32/365
41,A FAVOR,EN CONTRA,A FAVOR,A FAVOR,A FAVOR,A FAVOR,EN CONTRA,A FAVOR,A FAVOR,PAREO,EN CONTRA,A FAVOR,EN CONTRA,EN CONTRA,NO ASISTE,NO ASISTE,A FAVOR,NO ASISTE,NO ASISTE,EN CONTRA,NO ASISTE,EN CONTRA,EN CONTRA,NO ASISTE,NO ASISTE,A FAVOR,A FAVOR,A FAVOR,NO ASISTE,EN CONTRA,EN CONTRA,NO ASISTE,NO ASISTE,A FAVOR,A FAVOR,A FAVOR,A FAVOR,A FAVOR,19-07-2017,"Enmienda propuesta por la Comisión de Constitución, Legislación, Justicia y Reglamento al artículo 119 ter, contenido en el artículo 1º Nº 3, del siguiente tenor:De este mismo derecho gozará el resto del personal profesional al que corresponda desarrollar sus funciones al interior del pabellón quirúrgico durante la intervención.",indefinido,32/365
42,EN CONTRA,A FAVOR,A FAVOR,A FAVOR,EN CONTRA,EN CONTRA,A FAVOR,EN CONTRA,EN CONTRA,PAREO,A FAVOR,A FAVOR,A FAVOR,A FAVOR,NO ASISTE,NO ASISTE,EN CONTRA,NO ASISTE,NO ASISTE,A FAVOR,NO ASISTE,A FAVOR,A FAVOR,NO ASISTE,NO ASISTE,NO ASISTE,EN CONTRA,A FAVOR,NO ASISTE,A FAVOR,A FAVOR,NO ASISTE,NO ASISTE,EN CONTRA,EN CONTRA,A FAVOR,EN CONTRA,A FAVOR,19-07-2017,"Enmienda propuesta por la Comisión de Constitución, Legislación, Justicia y Reglamento al artículo 119 ter, contenido en el artículo 1º Nº 3, del siguiente tenor: La objeción de conciencia es de carácter personal y en ningún caso puede ser invocada por una institución.",indefinido,32/365
43,EN CONTRA,A FAVOR,A FAVOR,A FAVOR,EN CONTRA,EN CONTRA,A FAVOR,EN CONTRA,EN CONTRA,PAREO,A FAVOR,A FAVOR,A FAVOR,A FAVOR,NO ASISTE,NO ASISTE,EN CONTRA,NO ASISTE,NO ASISTE,A FAVOR,NO ASISTE,A FAVOR,A FAVOR,NO ASISTE,NO ASISTE,NO ASISTE,NO ASISTE,A FAVOR,NO ASISTE,A FAVOR,A FAVOR,NO ASISTE,NO ASISTE,EN CONTRA,EN CONTRA,A FAVOR,EN CONTRA,A FAVOR,19-07-2017,"Enmienda propuesta por la Comisión de Constitución, Legislación, Justicia y Reglamento al artículo 119 ter, contenido en el artículo 1º Nº 3, del siguiente tenor: Tampoco podrá excusarse si es inminente el vencimiento del plazo establecido en la causal del numeral 3) del inciso primero del artículo 119.
",indefinido,32/365
44,ABSTENCION,A FAVOR,A FAVOR,A FAVOR,ABSTENCION,ABSTENCION,A FAVOR,ABSTENCION,ABSTENCION,NO ASISTE,A FAVOR,A FAVOR,A FAVOR,A FAVOR,NO ASISTE,NO ASISTE,ABSTENCION,NO ASISTE,NO ASISTE,A FAVOR,NO ASISTE,A FAVOR,A FAVOR,NO ASISTE,NO ASISTE,NO ASISTE,ABSTENCION,A FAVOR,NO ASISTE,A FAVOR,A FAVOR,NO ASISTE,NO ASISTE,ABSTENCION,ABSTENCION,A FAVOR,A FAVOR,A FAVOR,19-07-2017,"Restantes enmiendas de la Comisión de Constitución, Legislación, Justicia y Reglamento",indefinido,32/365
45,NO ASISTE,A FAVOR,A FAVOR,NO ASISTE,A FAVOR,A FAVOR,A FAVOR,A FAVOR,A FAVOR,PAREO,A FAVOR,A FAVOR,A FAVOR,A FAVOR,NO ASISTE,NO ASISTE,A FAVOR,NO ASISTE,NO ASISTE,A FAVOR,NO ASISTE,A FAVOR,NO ASISTE,NO ASISTE,NO ASISTE,NO ASISTE,A FAVOR,A FAVOR,NO ASISTE,A FAVOR,A FAVOR,NO ASISTE,NO ASISTE,A FAVOR,A FAVOR,A FAVOR,A FAVOR,A FAVOR,19-07-2017,Artículo 2º,indefinido,32/365
46,NO ASISTE,EN CONTRA,A FAVOR,NO ASISTE,A FAVOR,ABSTENCION,EN CONTRA,A FAVOR,A FAVOR,PAREO,EN CONTRA,A FAVOR,EN CONTRA,EN CONTRA,NO ASISTE,NO ASISTE,A FAVOR,NO ASISTE,NO ASISTE,EN CONTRA,NO ASISTE,EN CONTRA,EN CONTRA,NO ASISTE,NO ASISTE,NO ASISTE,A FAVOR,A FAVOR,NO ASISTE,EN CONTRA,NO ASISTE,NO ASISTE,NO ASISTE,ABSTENCION,A FAVOR,A FAVOR,A FAVOR,A FAVOR,19-07-2017,"Artículo 1º, numero 2),  inciso segundo
Enmienda de la Comisión de Constitución, Legislación, Justicia y Reglamento
",indefinido,32/365
47,NO ASISTE,A FAVOR,A FAVOR,NO ASISTE,EN CONTRA,EN CONTRA,A FAVOR,EN CONTRA,EN CONTRA,PAREO,A FAVOR,A FAVOR,A FAVOR,A FAVOR,NO ASISTE,NO ASISTE,EN CONTRA,NO ASISTE,NO ASISTE,A FAVOR,NO ASISTE,A FAVOR,A FAVOR,NO ASISTE,NO ASISTE,NO ASISTE,EN CONTRA,A FAVOR,NO ASISTE,A FAVOR,A FAVOR,NO ASISTE,NO ASISTE,EN CONTRA,EN CONTRA,A FAVOR,A FAVOR,A FAVOR,19-07-2017,"Artículo 1º, numero 2),  inciso sexto, nuevo
Enmienda de la Comisión de Constitución, Legislación, Justicia y Reglamento
",indefinido,32/365
48,NO ASISTE,ABSTENCION,EN CONTRA,NO ASISTE,EN CONTRA,EN CONTRA,ABSTENCION,EN CONTRA,EN CONTRA,PAREO,EN CONTRA,EN CONTRA,EN CONTRA,ABSTENCION,NO ASISTE,NO ASISTE,EN CONTRA,NO ASISTE,NO ASISTE,ABSTENCION,NO ASISTE,ABSTENCION,EN CONTRA,NO ASISTE,NO ASISTE,NO ASISTE,EN CONTRA,EN CONTRA,NO ASISTE,ABSTENCION,ABSTENCION,NO ASISTE,NO ASISTE,EN CONTRA,EN CONTRA,EN CONTRA,EN CONTRA,EN CONTRA,19-07-2017,Artículo 4º,indefinido,32/365
49,NO ASISTE,A FAVOR,A FAVOR,A FAVOR,A FAVOR,A FAVOR,A FAVOR,NO ASISTE,NO ASISTE,A FAVOR,NO ASISTE,A FAVOR,A FAVOR,A FAVOR,A FAVOR,A FAVOR,A FAVOR,A FAVOR,A FAVOR,A FAVOR,A FAVOR,A FAVOR,A FAVOR,NO ASISTE,A FAVOR,A FAVOR,A FAVOR,A FAVOR,NO ASISTE,A FAVOR,A FAVOR,NO ASISTE,A FAVOR,A FAVOR,A FAVOR,NO ASISTE,A FAVOR,A FAVOR,22-03-2017,"Proyecto de ley, en primer trámite constitucional, que modifica la ley N° 20.564, ley marco de los Bomberos de Chile, a fin de establecer un procedimiento simplificado para obtener permisos de edificación de inmuebles destinados a cuarteles de los Cuerpos de Bomberos.",indefinido,4/365
50,NO ASISTE,A FAVOR,NO ASISTE,A FAVOR,NO ASISTE,A FAVOR,A FAVOR,A FAVOR,A FAVOR,A FAVOR,NO ASISTE,NO ASISTE,NO ASISTE,A FAVOR,NO ASISTE,NO ASISTE,A FAVOR,A FAVOR,A FAVOR,A FAVOR,A FAVOR,A FAVOR,NO ASISTE,NO ASISTE,NO ASISTE,A FAVOR,A FAVOR,A FAVOR,A FAVOR,A FAVOR,A FAVOR,A FAVOR,A FAVOR,A FAVOR,A FAVOR,NO ASISTE,A FAVOR,A FAVOR,20-06-2017,Informe de la Comisión Mixta constituida para resolver la divergencia suscitada durante la tramitación del proyecto de ley que proporciona reparación y asistencia en rehabilitación a las víctimas de explosión de minas u otros artefactos explosivos militares abandonados o sin estallar.,indefinido,24/365
51,NO ASISTE,A FAVOR,NO ASISTE,A FAVOR,A FAVOR,A FAVOR,NO ASISTE,A FAVOR,NO ASISTE,A FAVOR,NO ASISTE,A FAVOR,NO ASISTE,NO ASISTE,A FAVOR,A FAVOR,A FAVOR,NO ASISTE,NO ASISTE,A FAVOR,NO ASISTE,A FAVOR,NO ASISTE,NO ASISTE,NO ASISTE,NO ASISTE,A FAVOR,A FAVOR,A FAVOR,NO ASISTE,A FAVOR,A FAVOR,A FAVOR,NO ASISTE,NO ASISTE,NO ASISTE,A FAVOR,A FAVOR,28-09-2016,"Proyecto de ley, iniciado en moción de los Honorables Senadores señores Matta, Girardi y Ossandón, en primer trámite constitucional, que modifica la Ley General de Telecomunicaciones en lo relativo a las notificaciones durante la tramitación del otorgamiento de concesiones.",indefinido,51/364
52,NO ASISTE,NO ASISTE,A FAVOR,A FAVOR,A FAVOR,A FAVOR,A FAVOR,NO ASISTE,A FAVOR,NO ASISTE,A FAVOR,NO ASISTE,NO ASISTE,A FAVOR,A FAVOR,NO ASISTE,A FAVOR,NO ASISTE,NO ASISTE,A FAVOR,A FAVOR,A FAVOR,A FAVOR,NO ASISTE,A FAVOR,NO ASISTE,A FAVOR,A FAVOR,A FAVOR,NO ASISTE,NO ASISTE,NO ASISTE,A FAVOR,NO ASISTE,NO ASISTE,NO ASISTE,NO ASISTE,ABSTENCION,14-09-2016,"Proyecto de ley, en primer trámite constitucional, que declara feriado el 21 de septiembre de cada año para la Región de Magallanes y Antártica Chilena y la provincia de Chiloé.",indefinido,49/364
53,NO ASISTE,NO ASISTE,NO ASISTE,NO ASISTE,A FAVOR,NO ASISTE,NO ASISTE,NO ASISTE,A FAVOR,A FAVOR,NO ASISTE,NO ASISTE,A FAVOR,NO ASISTE,NO ASISTE,NO ASISTE,A FAVOR,A FAVOR,A FAVOR,A FAVOR,A FAVOR,A FAVOR,A FAVOR,NO ASISTE,A FAVOR,A FAVOR,A FAVOR,NO ASISTE,NO ASISTE,A FAVOR,A FAVOR,NO ASISTE,A FAVOR,NO ASISTE,NO ASISTE,NO ASISTE,NO ASISTE,NO ASISTE,15-11-2016,"Proyecto de ley, iniciado en moción de los Honorables Senadores señora Pérez San Martín y señores Ossandón y Tuma, en primer trámite constitucional, que modifica el artículo 9° del decreto ley N° 2.695, para aumentar el plazo de prescripción de la acción penal en los casos que la calidad de poseedor regular se obtuviere mediante fraude.",indefinido,62/364
54,A FAVOR,A FAVOR,NO ASISTE,NO ASISTE,NO ASISTE,A FAVOR,NO ASISTE,NO ASISTE,A FAVOR,NO ASISTE,A FAVOR,NO ASISTE,NO ASISTE,NO ASISTE,NO ASISTE,NO ASISTE,A FAVOR,NO ASISTE,NO ASISTE,A FAVOR,NO ASISTE,NO ASISTE,NO ASISTE,NO ASISTE,A FAVOR,NO ASISTE,A FAVOR,NO ASISTE,NO ASISTE,A FAVOR,A FAVOR,NO ASISTE,A FAVOR,NO ASISTE,A FAVOR,NO ASISTE,A FAVOR,A FAVOR,14-03-2017,"Proyecto de ley, en primer trámite constitucional, que modifica el decreto ley N° 2.695, de 1.979, para resguardar derechos de terceros en relación con la regularización de la pequeña propiedad raíz.
Enmiendas propuestas por la Comisión de Vivienda y Urbanismo, en su segundo informe.",indefinido,1/365
55,A FAVOR,NO ASISTE,NO ASISTE,NO ASISTE,NO ASISTE,NO ASISTE,A FAVOR,A FAVOR,A FAVOR,A FAVOR,A FAVOR,NO ASISTE,NO ASISTE,NO ASISTE,NO ASISTE,A FAVOR,NO ASISTE,NO ASISTE,NO ASISTE,A FAVOR,A FAVOR,A FAVOR,A FAVOR,NO ASISTE,A FAVOR,A FAVOR,PAREO,NO ASISTE,A FAVOR,NO ASISTE,NO ASISTE,NO ASISTE,A FAVOR,NO ASISTE,A FAVOR,NO ASISTE,NO ASISTE,NO ASISTE,18-10-2017,"Proyecto de ley, en tercer trámite constitucional, que modifica el decreto ley N° 2.695, de 1979, para resguardar derechos de terceros en relación con la regularización de la pequeña propiedad raíz.",indefinido,55/365
56,A FAVOR,A FAVOR,NO ASISTE,A FAVOR,A FAVOR,NO ASISTE,A FAVOR,NO ASISTE,NO ASISTE,NO ASISTE,NO ASISTE,A FAVOR,NO ASISTE,A FAVOR,NO ASISTE,NO ASISTE,A FAVOR,NO ASISTE,NO ASISTE,A FAVOR,A FAVOR,A FAVOR,A FAVOR,NO ASISTE,A FAVOR,A FAVOR,A FAVOR,A FAVOR,A FAVOR,A FAVOR,A FAVOR,NO ASISTE,A FAVOR,A FAVOR,NO ASISTE,NO ASISTE,A FAVOR,A FAVOR,12-09-2017,"Proyecto de ley, proyecto de ley, en segundo trámite constitucional, que declara feriado el día 20 de septiembre de cada año en la Región de Coquimbo con ocasión de la Fiesta de la Pampilla.
",indefinido,45/365
57,NO ASISTE,A FAVOR,NO ASISTE,NO ASISTE,NO ASISTE,A FAVOR,A FAVOR,A FAVOR,A FAVOR,NO ASISTE,NO ASISTE,A FAVOR,A FAVOR,NO ASISTE,A FAVOR,NO ASISTE,A FAVOR,NO ASISTE,A FAVOR,NO ASISTE,A FAVOR,A FAVOR,NO ASISTE,NO ASISTE,A FAVOR,NO ASISTE,A FAVOR,A FAVOR,A FAVOR,A FAVOR,A FAVOR,NO ASISTE,A FAVOR,A FAVOR,A FAVOR,NO ASISTE,A FAVOR,A FAVOR,20-09-2017,"Proyecto de ley, en segundo trámite constitucional, que declara feriado el día 2 de octubre para la Región de Los Ríos.",indefinido,48/365
58,NO ASISTE,NO ASISTE,NO ASISTE,NO ASISTE,NO ASISTE,NO ASISTE,NO ASISTE,A FAVOR,A FAVOR,A FAVOR,NO ASISTE,A FAVOR,NO ASISTE,A FAVOR,A FAVOR,NO ASISTE,A FAVOR,A FAVOR,NO ASISTE,A FAVOR,NO ASISTE,A FAVOR,A FAVOR,NO ASISTE,A FAVOR,A FAVOR,A FAVOR,A FAVOR,NO ASISTE,A FAVOR,A FAVOR,NO ASISTE,NO ASISTE,NO ASISTE,A FAVOR,A FAVOR,A FAVOR,NO ASISTE,16-11-2016,"Proyecto de ley, en primer trámite constitucional,que modifica el artículo 420 del Código del Trabajo, confiriéndole competencia a los tribunales laborales para conocer de las contiendas en que los causahabientes del trabajador buscan hacer efectiva la responsabilidad del empleador, derivada de accidentes del trabajo o enfermedades profesionales.",indefinido,63/364
59,A FAVOR,NO ASISTE,NO ASISTE,A FAVOR,A FAVOR,A FAVOR,NO ASISTE,NO ASISTE,A FAVOR,A FAVOR,A FAVOR,NO ASISTE,A FAVOR,A FAVOR,NO ASISTE,NO ASISTE,A FAVOR,A FAVOR,NO ASISTE,A FAVOR,A FAVOR,A FAVOR,A FAVOR,NO ASISTE,NO ASISTE,A FAVOR,A FAVOR,A FAVOR,A FAVOR,A FAVOR,A FAVOR,NO ASISTE,A FAVOR,A FAVOR,A FAVOR,A FAVOR,A FAVOR,A FAVOR,11-07-2017,"Proyecto de ley, en segundo trámite constitucional, que crea un mecanismo de estabilización del precio del cobre para la pequeña minería. Aprobado en general.",indefinido,28/365
60,A FAVOR,A FAVOR,A FAVOR,A FAVOR,NO ASISTE,A FAVOR,A FAVOR,NO ASISTE,A FAVOR,A FAVOR,A FAVOR,NO ASISTE,A FAVOR,NO ASISTE,NO ASISTE,A FAVOR,A FAVOR,NO ASISTE,A FAVOR,A FAVOR,NO ASISTE,A FAVOR,NO ASISTE,NO ASISTE,A FAVOR,A FAVOR,A FAVOR,A FAVOR,A FAVOR,A FAVOR,A FAVOR,NO ASISTE,A FAVOR,A FAVOR,A FAVOR,A FAVOR,NO ASISTE,A FAVOR,24-10-2017,Enmiendas de las Comisiones informantes.,indefinido,57/365
61,NO ASISTE,NO ASISTE,NO ASISTE,A FAVOR,A FAVOR,A FAVOR,NO ASISTE,NO ASISTE,A FAVOR,NO ASISTE,A FAVOR,NO ASISTE,NO ASISTE,NO ASISTE,NO ASISTE,A FAVOR,A FAVOR,A FAVOR,A FAVOR,A FAVOR,A FAVOR,NO ASISTE,NO ASISTE,NO ASISTE,A FAVOR,NO ASISTE,A FAVOR,NO ASISTE,NO ASISTE,NO ASISTE,NO ASISTE,NO ASISTE,PAREO,A FAVOR,NO ASISTE,A FAVOR,A FAVOR,A FAVOR,24-10-2017,"Proyecto de acuerdo, en segundo trámite constitucional, que aprueba el Convenio sobre el trabajo marítimo, 2006 adoptado el 23 de febrero de 2006, en la 94ª Conferencia General de la Organización Internacional del Trabajo.",indefinido,57/365
62,A FAVOR,NO ASISTE,A FAVOR,A FAVOR,NO ASISTE,A FAVOR,NO ASISTE,NO ASISTE,A FAVOR,A FAVOR,A FAVOR,A FAVOR,A FAVOR,NO ASISTE,A FAVOR,A FAVOR,A FAVOR,A FAVOR,NO ASISTE,A FAVOR,A FAVOR,A FAVOR,NO ASISTE,NO ASISTE,A FAVOR,A FAVOR,NO ASISTE,A FAVOR,A FAVOR,A FAVOR,A FAVOR,NO ASISTE,NO ASISTE,A FAVOR,NO ASISTE,NO ASISTE,A FAVOR,A FAVOR,15-04-2015,"Aprobación en general del proyecto de ley, en segundo trámite constitucional, que incentiva la inclusión de discapacitados al mundo laboral y modifica la ley N° 20.422, para establecer la reserva legal de empleos para personas discapacidad, con informe de la Comisión de Trabajo y Previsión Social (Boletines N°s 7.025-13 y 7.855-13, refundidos). ",indefinido,10/363
63,A FAVOR,A FAVOR,A FAVOR,A FAVOR,A FAVOR,A FAVOR,A FAVOR,NO ASISTE,A FAVOR,A FAVOR,NO ASISTE,A FAVOR,A FAVOR,A FAVOR,A FAVOR,A FAVOR,A FAVOR,A FAVOR,A FAVOR,A FAVOR,A FAVOR,A FAVOR,NO ASISTE,NO ASISTE,A FAVOR,A FAVOR,A FAVOR,A FAVOR,A FAVOR,NO ASISTE,A FAVOR,NO ASISTE,A FAVOR,NO ASISTE,A FAVOR,NO ASISTE,A FAVOR,NO ASISTE,25-10-2016,"Proyecto de ley, en segundo trámite constitucional, que incentiva la inclusión de discapacitados al mundo laboral y modifica la ley N° 20.422, para establecer la reserva legal de empleos para personas con discapacidad.
Todas las enmiendas de quórum calificado aprobadas, en forma unánime, por la Comisión de Trabajo y Previsión Social al texto aprobado en general.

",indefinido,57/364
64,A FAVOR,A FAVOR,A FAVOR,A FAVOR,NO ASISTE,A FAVOR,A FAVOR,NO ASISTE,NO ASISTE,A FAVOR,A FAVOR,A FAVOR,A FAVOR,A FAVOR,A FAVOR,A FAVOR,A FAVOR,NO ASISTE,A FAVOR,A FAVOR,A FAVOR,A FAVOR,NO ASISTE,NO ASISTE,A FAVOR,A FAVOR,A FAVOR,A FAVOR,A FAVOR,A FAVOR,A FAVOR,A FAVOR,A FAVOR,NO ASISTE,ABSTENCION,A FAVOR,A FAVOR,A FAVOR,22-03-2017,"Proyecto de ley, en segundo trámite constitucional, que modifica diversos cuerpos legales que rigen al sector educativo, en materia de subvención escolar preferencial, Sistema de Desarrollo Profesional Docente y situación de becarios de posgrado.
Aprobado en general y en particular.",indefinido,4/365
65,A FAVOR,A FAVOR,A FAVOR,A FAVOR,A FAVOR,NO ASISTE,A FAVOR,NO ASISTE,A FAVOR,A FAVOR,A FAVOR,NO ASISTE,A FAVOR,A FAVOR,NO ASISTE,A FAVOR,NO ASISTE,NO ASISTE,A FAVOR,A FAVOR,A FAVOR,A FAVOR,A FAVOR,NO ASISTE,A FAVOR,A FAVOR,PAREO,A FAVOR,A FAVOR,NO ASISTE,A FAVOR,NO ASISTE,A FAVOR,A FAVOR,A FAVOR,A FAVOR,A FAVOR,A FAVOR,18-10-2017,"Proyecto de ley, en segundo trámite constitucional, que crea la Dirección General de Concesiones de Obras Públicas y modifica las normas que señala.",indefinido,55/365
66,A FAVOR,NO ASISTE,A FAVOR,A FAVOR,A FAVOR,NO ASISTE,NO ASISTE,A FAVOR,A FAVOR,NO ASISTE,A FAVOR,NO ASISTE,A FAVOR,NO ASISTE,A FAVOR,A FAVOR,NO ASISTE,A FAVOR,NO ASISTE,A FAVOR,A FAVOR,A FAVOR,NO ASISTE,NO ASISTE,A FAVOR,NO ASISTE,A FAVOR,A FAVOR,A FAVOR,A FAVOR,A FAVOR,NO ASISTE,NO ASISTE,A FAVOR,A FAVOR,NO ASISTE,A FAVOR,A FAVOR,13-09-2017,"Proyecto de ley, en segundo trámite constitucional, que posterga la entrada en vigencia de la nueva estructura curricular establecida en la ley N° 20.370.",indefinido,46/365
67,NO ASISTE,A FAVOR,NO ASISTE,NO ASISTE,A FAVOR,A FAVOR,NO ASISTE,NO ASISTE,A FAVOR,A FAVOR,NO ASISTE,A FAVOR,NO ASISTE,NO ASISTE,A FAVOR,A FAVOR,NO ASISTE,NO ASISTE,NO ASISTE,A FAVOR,NO ASISTE,A FAVOR,A FAVOR,A FAVOR,A FAVOR,NO ASISTE,A FAVOR,NO ASISTE,NO ASISTE,A FAVOR,NO ASISTE,NO ASISTE,A FAVOR,A FAVOR,NO ASISTE,A FAVOR,A FAVOR,A FAVOR,27-01-2015,"En votación el Informe de la Comisión de Salud recaído en el proyecto de ley, en tercer trámite constitucional, sobre tenencia responsable de mascotas y animales de compañía, con informe de la Comisión de Salud (Boletín N° 6.499-11). Con urgencia calificada de simple. ",indefinido,92/362
68,NO ASISTE,A FAVOR,NO ASISTE,A FAVOR,A FAVOR,NO ASISTE,A FAVOR,A FAVOR,A FAVOR,A FAVOR,A FAVOR,A FAVOR,NO ASISTE,NO ASISTE,A FAVOR,A FAVOR,A FAVOR,A FAVOR,NO ASISTE,A FAVOR,A FAVOR,A FAVOR,A FAVOR,NO ASISTE,A FAVOR,NO ASISTE,NO ASISTE,A FAVOR,A FAVOR,A FAVOR,A FAVOR,A FAVOR,A FAVOR,A FAVOR,A FAVOR,A FAVOR,A FAVOR,A FAVOR,12-04-2017,"Informe de la Comisión Mixta, constituida para resolver las divergencias suscitadas durante la tramitación del proyecto de ley sobre tenencia responsable de mascotas y animales de compañía.",indefinido,8/365
69,A FAVOR,NO ASISTE,A FAVOR,NO ASISTE,NO ASISTE,A FAVOR,NO ASISTE,NO ASISTE,NO ASISTE,NO ASISTE,NO ASISTE,A FAVOR,NO ASISTE,NO ASISTE,A FAVOR,A FAVOR,A FAVOR,A FAVOR,NO ASISTE,NO ASISTE,A FAVOR,A FAVOR,NO ASISTE,NO ASISTE,A FAVOR,A FAVOR,A FAVOR,A FAVOR,NO ASISTE,NO ASISTE,NO ASISTE,NO ASISTE,A FAVOR,NO ASISTE,NO ASISTE,NO ASISTE,NO ASISTE,A FAVOR,18-04-2017,"Aprobación, en general y en particular, del proyecto de ley, en segundo trámite constitucional, que modifica el Código del Trabajo para establecer mecanismos de protección en situaciones de emergencia o de falta de seguridad laboral.",indefinido,10/365
70,NO ASISTE,NO ASISTE,NO ASISTE,NO ASISTE,NO ASISTE,A FAVOR,NO ASISTE,NO ASISTE,NO ASISTE,A FAVOR,A FAVOR,A FAVOR,NO ASISTE,NO ASISTE,A FAVOR,A FAVOR,A FAVOR,A FAVOR,NO ASISTE,NO ASISTE,NO ASISTE,A FAVOR,A FAVOR,NO ASISTE,NO ASISTE,A FAVOR,NO ASISTE,A FAVOR,NO ASISTE,NO ASISTE,A FAVOR,NO ASISTE,PAREO,NO ASISTE,NO ASISTE,NO ASISTE,A FAVOR,A FAVOR,14-06-2017,"Informe de la Comisión Mixta constituida para resolver las divergencias suscitadas durante la tramitación del proyecto de ley que modifica el decreto ley N° 3.500, de 1980, que Establece Nuevo Sistema de Pensiones, con el objeto de eliminar el beneficio de que gozan las AFP en materia de intereses de las cotizaciones previsionales adeudadas.",indefinido,23/365
71,EN CONTRA,A FAVOR,A FAVOR,A FAVOR,EN CONTRA,EN CONTRA,A FAVOR,EN CONTRA,EN CONTRA,EN CONTRA,A FAVOR,A FAVOR,A FAVOR,A FAVOR,EN CONTRA,A FAVOR,EN CONTRA,A FAVOR,ABSTENCION,A FAVOR,EN CONTRA,A FAVOR,A FAVOR,NO ASISTE,EN CONTRA,A FAVOR,EN CONTRA,A FAVOR,EN CONTRA,A FAVOR,A FAVOR,A FAVOR,A FAVOR,EN CONTRA,EN CONTRA,A FAVOR,EN CONTRA,ABSTENCION,25-01-2017,"Proyecto de ley, en segundo trámite constitucional, que regula la despenalización de la interrupción voluntaria del embarazo en tres causales.",indefinido,84/364
72,A FAVOR,EN CONTRA,EN CONTRA,A FAVOR,A FAVOR,A FAVOR,EN CONTRA,A FAVOR,A FAVOR,A FAVOR,EN CONTRA,EN CONTRA,EN CONTRA,EN CONTRA,NO ASISTE,EN CONTRA,A FAVOR,EN CONTRA,A FAVOR,EN CONTRA,A FAVOR,EN CONTRA,EN CONTRA,NO ASISTE,NO ASISTE,EN CONTRA,A FAVOR,A FAVOR,A FAVOR,EN CONTRA,EN CONTRA,EN CONTRA,NO ASISTE,A FAVOR,A FAVOR,EN CONTRA,A FAVOR,A FAVOR,17-07-2017,"Votación recaída en la indicación número 3, de 30 de marzo de 2017, renovada, del Honorable Senador señor Zaldívar.",indefinido,31/365
73,A FAVOR,EN CONTRA,EN CONTRA,A FAVOR,A FAVOR,A FAVOR,EN CONTRA,A FAVOR,A FAVOR,A FAVOR,EN CONTRA,EN CONTRA,EN CONTRA,EN CONTRA,NO ASISTE,EN CONTRA,A FAVOR,EN CONTRA,A FAVOR,EN CONTRA,A FAVOR,EN CONTRA,EN CONTRA,NO ASISTE,NO ASISTE,EN CONTRA,A FAVOR,A FAVOR,A FAVOR,EN CONTRA,EN CONTRA,EN CONTRA,NO ASISTE,A FAVOR,A FAVOR,EN CONTRA,A FAVOR,A FAVOR,17-07-2017,"Repetida la votación sobre la indicación número 3, del H. Senador señor Zaldívar, renovada, de conformidad con lo dispuesto en la primera parte del artículo 182 del Reglamento del Senado, nuevamente hubo empate. Por tanto, de acuerdo al mismo precepto, el asunto quedó para ser definido en la sesión ordinaria siguiente.",indefinido,31/365
74,A FAVOR,EN CONTRA,EN CONTRA,A FAVOR,A FAVOR,A FAVOR,EN CONTRA,A FAVOR,A FAVOR,A FAVOR,EN CONTRA,EN CONTRA,EN CONTRA,EN CONTRA,A FAVOR,EN CONTRA,A FAVOR,EN CONTRA,NO ASISTE,EN CONTRA,A FAVOR,EN CONTRA,EN CONTRA,NO ASISTE,A FAVOR,EN CONTRA,A FAVOR,NO ASISTE,A FAVOR,EN CONTRA,EN CONTRA,EN CONTRA,EN CONTRA,A FAVOR,A FAVOR,EN CONTRA,A FAVOR,A FAVOR,18-07-2017,"Indicación renovada que correspondiente a la Nª 3.- Del Honorable Senador señor Zaldívar, del Boletin de indicaciones.",indefinido,32/365
75,A FAVOR,EN CONTRA,EN CONTRA,EN CONTRA,A FAVOR,A FAVOR,EN CONTRA,A FAVOR,A FAVOR,A FAVOR,EN CONTRA,EN CONTRA,EN CONTRA,EN CONTRA,A FAVOR,EN CONTRA,A FAVOR,EN CONTRA,NO ASISTE,EN CONTRA,A FAVOR,EN CONTRA,EN CONTRA,NO ASISTE,A FAVOR,EN CONTRA,A FAVOR,EN CONTRA,A FAVOR,EN CONTRA,EN CONTRA,EN CONTRA,EN CONTRA,A FAVOR,A FAVOR,EN CONTRA,NO ASISTE,NO ASISTE,18-07-2017,Indicaciones renovadas correspondientes a las Números 8 y 9 del Boletín de indicaciones.,indefinido,32/365
76,EN CONTRA,A FAVOR,A FAVOR,A FAVOR,EN CONTRA,EN CONTRA,A FAVOR,EN CONTRA,EN CONTRA,EN CONTRA,A FAVOR,A FAVOR,A FAVOR,A FAVOR,EN CONTRA,A FAVOR,EN CONTRA,A FAVOR,NO ASISTE,A FAVOR,EN CONTRA,A FAVOR,A FAVOR,NO ASISTE,EN CONTRA,A FAVOR,EN CONTRA,A FAVOR,EN CONTRA,A FAVOR,A FAVOR,A FAVOR,A FAVOR,EN CONTRA,EN CONTRA,A FAVOR,NO ASISTE,NO ASISTE,18-07-2017,"Articulo 119, inciso primero, Número 1, contenida en el artículo 1º Nº 1.",indefinido,32/365
77,A FAVOR,EN CONTRA,EN CONTRA,NO ASISTE,A FAVOR,A FAVOR,EN CONTRA,A FAVOR,A FAVOR,A FAVOR,EN CONTRA,EN CONTRA,EN CONTRA,EN CONTRA,A FAVOR,EN CONTRA,A FAVOR,EN CONTRA,NO ASISTE,EN CONTRA,A FAVOR,EN CONTRA,EN CONTRA,NO ASISTE,A FAVOR,EN CONTRA,A FAVOR,EN CONTRA,A FAVOR,EN CONTRA,EN CONTRA,EN CONTRA,EN CONTRA,A FAVOR,A FAVOR,EN CONTRA,A FAVOR,EN CONTRA,18-07-2017,Indicaciones renovadas correspondientes a las Números 15 y 16 del Boletín de indicaciones.,indefinido,32/365
78,EN CONTRA,A FAVOR,A FAVOR,NO ASISTE,EN CONTRA,EN CONTRA,A FAVOR,EN CONTRA,EN CONTRA,EN CONTRA,A FAVOR,A FAVOR,A FAVOR,A FAVOR,EN CONTRA,A FAVOR,EN CONTRA,NO ASISTE,NO ASISTE,A FAVOR,EN CONTRA,A FAVOR,A FAVOR,NO ASISTE,EN CONTRA,A FAVOR,EN CONTRA,A FAVOR,NO ASISTE,A FAVOR,A FAVOR,A FAVOR,A FAVOR,EN CONTRA,EN CONTRA,A FAVOR,EN CONTRA,A FAVOR,18-07-2017,"Articulo 119, inciso primero, Número 2, contenida en el artículo 1º Nº 1.",indefinido,32/365
79,A FAVOR,EN CONTRA,EN CONTRA,A FAVOR,A FAVOR,A FAVOR,EN CONTRA,A FAVOR,A FAVOR,A FAVOR,EN CONTRA,EN CONTRA,EN CONTRA,EN CONTRA,A FAVOR,EN CONTRA,A FAVOR,NO ASISTE,NO ASISTE,EN CONTRA,A FAVOR,EN CONTRA,EN CONTRA,NO ASISTE,A FAVOR,EN CONTRA,A FAVOR,EN CONTRA,NO ASISTE,EN CONTRA,EN CONTRA,EN CONTRA,EN CONTRA,A FAVOR,A FAVOR,EN CONTRA,A FAVOR,A FAVOR,19-07-2017,Indicaciones renovadas correspondientes a las Números 21 y 22 del Boletín de indicaciones.,indefinido,32/365
80,ABSTENCION,A FAVOR,A FAVOR,NO ASISTE,ABSTENCION,EN CONTRA,A FAVOR,ABSTENCION,EN CONTRA,ABSTENCION,A FAVOR,A FAVOR,A FAVOR,A FAVOR,NO ASISTE,A FAVOR,ABSTENCION,NO ASISTE,NO ASISTE,A FAVOR,EN CONTRA,A FAVOR,A FAVOR,NO ASISTE,EN CONTRA,A FAVOR,ABSTENCION,A FAVOR,NO ASISTE,A FAVOR,A FAVOR,A FAVOR,A FAVOR,EN CONTRA,EN CONTRA,A FAVOR,NO ASISTE,A FAVOR,19-07-2017,"Votación separada del artículo 119 inciso segundo, contenida en el artículo 1º Nº 1 ",indefinido,32/365
81,ABSTENCION,A FAVOR,A FAVOR,A FAVOR,ABSTENCION,NO ASISTE,A FAVOR,ABSTENCION,EN CONTRA,ABSTENCION,A FAVOR,A FAVOR,A FAVOR,A FAVOR,NO ASISTE,A FAVOR,ABSTENCION,NO ASISTE,NO ASISTE,A FAVOR,EN CONTRA,A FAVOR,A FAVOR,NO ASISTE,NO ASISTE,A FAVOR,ABSTENCION,A FAVOR,NO ASISTE,A FAVOR,A FAVOR,A FAVOR,NO ASISTE,EN CONTRA,EN CONTRA,A FAVOR,A FAVOR,A FAVOR,19-07-2017,"Votación separada del artículo 119, inciso tercero, contenida en el artículo 1º Nº 1 ",indefinido,32/365
82,EN CONTRA,A FAVOR,A FAVOR,A FAVOR,EN CONTRA,EN CONTRA,A FAVOR,EN CONTRA,EN CONTRA,EN CONTRA,A FAVOR,A FAVOR,A FAVOR,A FAVOR,NO ASISTE,A FAVOR,EN CONTRA,NO ASISTE,NO ASISTE,A FAVOR,EN CONTRA,A FAVOR,A FAVOR,NO ASISTE,NO ASISTE,A FAVOR,EN CONTRA,A FAVOR,NO ASISTE,A FAVOR,A FAVOR,A FAVOR,A FAVOR,EN CONTRA,EN CONTRA,A FAVOR,A FAVOR,A FAVOR,19-07-2017,"Votación separada del artículo 119, inciso cuarto, contenida en el artículo 1º Nº 1 ",indefinido,32/365
83,EN CONTRA,A FAVOR,A FAVOR,A FAVOR,EN CONTRA,EN CONTRA,A FAVOR,EN CONTRA,EN CONTRA,EN CONTRA,A FAVOR,A FAVOR,A FAVOR,A FAVOR,NO ASISTE,A FAVOR,EN CONTRA,NO ASISTE,NO ASISTE,A FAVOR,EN CONTRA,A FAVOR,A FAVOR,NO ASISTE,NO ASISTE,A FAVOR,EN CONTRA,A FAVOR,NO ASISTE,A FAVOR,A FAVOR,A FAVOR,A FAVOR,EN CONTRA,EN CONTRA,A FAVOR,A FAVOR,A FAVOR,19-07-2017,"Votación separada del artículo 119, incisos quinto y sexto, contenidos en el artículo 1º Nº 1 ",indefinido,32/365
84,EN CONTRA,A FAVOR,A FAVOR,A FAVOR,EN CONTRA,EN CONTRA,A FAVOR,EN CONTRA,EN CONTRA,EN CONTRA,A FAVOR,A FAVOR,A FAVOR,A FAVOR,NO ASISTE,A FAVOR,EN CONTRA,NO ASISTE,NO ASISTE,A FAVOR,EN CONTRA,A FAVOR,A FAVOR,NO ASISTE,NO ASISTE,A FAVOR,EN CONTRA,A FAVOR,NO ASISTE,A FAVOR,A FAVOR,A FAVOR,NO ASISTE,EN CONTRA,EN CONTRA,A FAVOR,A FAVOR,A FAVOR,19-07-2017,"Votación separada del artículo 119, inciso séptimo, contenidos en el artículo 1º Nº 1 ",indefinido,32/365
85,EN CONTRA,A FAVOR,A FAVOR,A FAVOR,EN CONTRA,EN CONTRA,A FAVOR,EN CONTRA,EN CONTRA,EN CONTRA,A FAVOR,A FAVOR,A FAVOR,A FAVOR,NO ASISTE,A FAVOR,ABSTENCION,NO ASISTE,NO ASISTE,A FAVOR,EN CONTRA,A FAVOR,EN CONTRA,NO ASISTE,NO ASISTE,A FAVOR,EN CONTRA,NO ASISTE,NO ASISTE,A FAVOR,A FAVOR,A FAVOR,NO ASISTE,EN CONTRA,EN CONTRA,A FAVOR,A FAVOR,A FAVOR,19-07-2017,"Votación separada del artículo 119, incisos octavo y noveno, contenidos en el artículo 1º Nº 1 ",indefinido,32/365
86,A FAVOR,EN CONTRA,NO ASISTE,A FAVOR,A FAVOR,A FAVOR,EN CONTRA,A FAVOR,A FAVOR,PAREO,NO ASISTE,NO ASISTE,ABSTENCION,EN CONTRA,NO ASISTE,NO ASISTE,A FAVOR,NO ASISTE,NO ASISTE,EN CONTRA,NO ASISTE,EN CONTRA,A FAVOR,NO ASISTE,NO ASISTE,A FAVOR,A FAVOR,A FAVOR,NO ASISTE,EN CONTRA,EN CONTRA,NO ASISTE,NO ASISTE,A FAVOR,A FAVOR,EN CONTRA,A FAVOR,A FAVOR,19-07-2017,Votación de la admisibilidad de la Indicación renovada correspondiente a la indicación Número 58 del Boletín de Indicaciones ,indefinido,32/365
87,A FAVOR,EN CONTRA,EN CONTRA,A FAVOR,A FAVOR,A FAVOR,EN CONTRA,A FAVOR,A FAVOR,PAREO,ABSTENCION,A FAVOR,EN CONTRA,EN CONTRA,NO ASISTE,NO ASISTE,A FAVOR,NO ASISTE,NO ASISTE,NO ASISTE,NO ASISTE,EN CONTRA,A FAVOR,NO ASISTE,NO ASISTE,A FAVOR,A FAVOR,A FAVOR,NO ASISTE,EN CONTRA,EN CONTRA,NO ASISTE,NO ASISTE,A FAVOR,A FAVOR,EN CONTRA,A FAVOR,A FAVOR,19-07-2017,Indicación renovada correspondiente a la indicación Número 58 del Boletín de Indicaciones ,indefinido,32/365
88,EN CONTRA,A FAVOR,A FAVOR,EN CONTRA,EN CONTRA,EN CONTRA,A FAVOR,EN CONTRA,EN CONTRA,PAREO,A FAVOR,A FAVOR,A FAVOR,A FAVOR,NO ASISTE,NO ASISTE,EN CONTRA,NO ASISTE,NO ASISTE,A FAVOR,NO ASISTE,A FAVOR,A FAVOR,NO ASISTE,NO ASISTE,A FAVOR,EN CONTRA,EN CONTRA,NO ASISTE,A FAVOR,A FAVOR,NO ASISTE,NO ASISTE,EN CONTRA,EN CONTRA,A FAVOR,EN CONTRA,EN CONTRA,19-07-2017,"Votación separada de la frase: ""apoyo adicional al"" del artículo 119, inciso decimotercero.",indefinido,32/365
89,A FAVOR,EN CONTRA,EN CONTRA,NO ASISTE,A FAVOR,A FAVOR,EN CONTRA,A FAVOR,A FAVOR,PAREO,EN CONTRA,EN CONTRA,EN CONTRA,EN CONTRA,NO ASISTE,NO ASISTE,A FAVOR,NO ASISTE,NO ASISTE,EN CONTRA,NO ASISTE,EN CONTRA,EN CONTRA,NO ASISTE,NO ASISTE,EN CONTRA,A FAVOR,NO ASISTE,NO ASISTE,EN CONTRA,EN CONTRA,NO ASISTE,NO ASISTE,A FAVOR,A FAVOR,EN CONTRA,NO ASISTE,EN CONTRA,19-07-2017,"Indicación renovada correspondiente a la indicación Número 55 del Boletín de Indicaciones

",indefinido,32/365
90,A FAVOR,A FAVOR,A FAVOR,A FAVOR,ABSTENCION,ABSTENCION,A FAVOR,A FAVOR,ABSTENCION,NO ASISTE,A FAVOR,A FAVOR,A FAVOR,A FAVOR,NO ASISTE,NO ASISTE,ABSTENCION,NO ASISTE,NO ASISTE,A FAVOR,NO ASISTE,A FAVOR,A FAVOR,NO ASISTE,NO ASISTE,A FAVOR,ABSTENCION,A FAVOR,NO ASISTE,A FAVOR,A FAVOR,NO ASISTE,NO ASISTE,ABSTENCION,ABSTENCION,A FAVOR,A FAVOR,A FAVOR,19-07-2017,"votación separada del artículo 119, incisos decimo, undécimo, decimotercero, y decimo catorce.",indefinido,32/365
91,A FAVOR,A FAVOR,A FAVOR,A FAVOR,ABSTENCION,ABSTENCION,A FAVOR,A FAVOR,ABSTENCION,NO ASISTE,A FAVOR,A FAVOR,A FAVOR,A FAVOR,NO ASISTE,NO ASISTE,ABSTENCION,NO ASISTE,NO ASISTE,A FAVOR,NO ASISTE,A FAVOR,A FAVOR,NO ASISTE,NO ASISTE,A FAVOR,ABSTENCION,A FAVOR,NO ASISTE,A FAVOR,A FAVOR,NO ASISTE,NO ASISTE,ABSTENCION,ABSTENCION,A FAVOR,A FAVOR,A FAVOR,19-07-2017,"Votación separada del artículo 119, inciso duodécimo.",indefinido,32/365
92,A FAVOR,EN CONTRA,EN CONTRA,NO ASISTE,A FAVOR,A FAVOR,EN CONTRA,A FAVOR,A FAVOR,PAREO,EN CONTRA,EN CONTRA,EN CONTRA,EN CONTRA,NO ASISTE,NO ASISTE,A FAVOR,NO ASISTE,NO ASISTE,EN CONTRA,NO ASISTE,EN CONTRA,EN CONTRA,NO ASISTE,NO ASISTE,EN CONTRA,A FAVOR,NO ASISTE,NO ASISTE,EN CONTRA,EN CONTRA,NO ASISTE,NO ASISTE,A FAVOR,A FAVOR,EN CONTRA,NO ASISTE,EN CONTRA,19-07-2017,Indicación renovada correspondiente a la indicación Números 78 y 79 del Boletín de Indicaciones,indefinido,32/365
93,A FAVOR,EN CONTRA,A FAVOR,A FAVOR,A FAVOR,A FAVOR,EN CONTRA,A FAVOR,A FAVOR,PAREO,EN CONTRA,A FAVOR,EN CONTRA,EN CONTRA,NO ASISTE,NO ASISTE,A FAVOR,NO ASISTE,NO ASISTE,EN CONTRA,NO ASISTE,EN CONTRA,EN CONTRA,NO ASISTE,NO ASISTE,A FAVOR,A FAVOR,A FAVOR,NO ASISTE,EN CONTRA,EN CONTRA,NO ASISTE,NO ASISTE,A FAVOR,A FAVOR,A FAVOR,A FAVOR,A FAVOR,19-07-2017,"Enmienda propuesta por la Comisión de Constitución, Legislación, Justicia y Reglamento al artículo 119 ter, contenido en el artículo 1º Nº 3, del siguiente tenor:De este mismo derecho gozará el resto del personal profesional al que corresponda desarrollar sus funciones al interior del pabellón quirúrgico durante la intervención.",indefinido,32/365
94,EN CONTRA,A FAVOR,A FAVOR,A FAVOR,EN CONTRA,EN CONTRA,A FAVOR,EN CONTRA,EN CONTRA,PAREO,A FAVOR,A FAVOR,A FAVOR,A FAVOR,NO ASISTE,NO ASISTE,EN CONTRA,NO ASISTE,NO ASISTE,A FAVOR,NO ASISTE,A FAVOR,A FAVOR,NO ASISTE,NO ASISTE,NO ASISTE,EN CONTRA,A FAVOR,NO ASISTE,A FAVOR,A FAVOR,NO ASISTE,NO ASISTE,EN CONTRA,EN CONTRA,A FAVOR,EN CONTRA,A FAVOR,19-07-2017,"Enmienda propuesta por la Comisión de Constitución, Legislación, Justicia y Reglamento al artículo 119 ter, contenido en el artículo 1º Nº 3, del siguiente tenor: La objeción de conciencia es de carácter personal y en ningún caso puede ser invocada por una institución.",indefinido,32/365
95,EN CONTRA,A FAVOR,A FAVOR,A FAVOR,EN CONTRA,EN CONTRA,A FAVOR,EN CONTRA,EN CONTRA,PAREO,A FAVOR,A FAVOR,A FAVOR,A FAVOR,NO ASISTE,NO ASISTE,EN CONTRA,NO ASISTE,NO ASISTE,A FAVOR,NO ASISTE,A FAVOR,A FAVOR,NO ASISTE,NO ASISTE,NO ASISTE,NO ASISTE,A FAVOR,NO ASISTE,A FAVOR,A FAVOR,NO ASISTE,NO ASISTE,EN CONTRA,EN CONTRA,A FAVOR,EN CONTRA,A FAVOR,19-07-2017,"Enmienda propuesta por la Comisión de Constitución, Legislación, Justicia y Reglamento al artículo 119 ter, contenido en el artículo 1º Nº 3, del siguiente tenor: Tampoco podrá excusarse si es inminente el vencimiento del plazo establecido en la causal del numeral 3) del inciso primero del artículo 119.
",indefinido,32/365
96,ABSTENCION,A FAVOR,A FAVOR,A FAVOR,ABSTENCION,ABSTENCION,A FAVOR,ABSTENCION,ABSTENCION,NO ASISTE,A FAVOR,A FAVOR,A FAVOR,A FAVOR,NO ASISTE,NO ASISTE,ABSTENCION,NO ASISTE,NO ASISTE,A FAVOR,NO ASISTE,A FAVOR,A FAVOR,NO ASISTE,NO ASISTE,NO ASISTE,ABSTENCION,A FAVOR,NO ASISTE,A FAVOR,A FAVOR,NO ASISTE,NO ASISTE,ABSTENCION,ABSTENCION,A FAVOR,A FAVOR,A FAVOR,19-07-2017,"Restantes enmiendas de la Comisión de Constitución, Legislación, Justicia y Reglamento",indefinido,32/365
97,NO ASISTE,A FAVOR,A FAVOR,NO ASISTE,A FAVOR,A FAVOR,A FAVOR,A FAVOR,A FAVOR,PAREO,A FAVOR,A FAVOR,A FAVOR,A FAVOR,NO ASISTE,NO ASISTE,A FAVOR,NO ASISTE,NO ASISTE,A FAVOR,NO ASISTE,A FAVOR,NO ASISTE,NO ASISTE,NO ASISTE,NO ASISTE,A FAVOR,A FAVOR,NO ASISTE,A FAVOR,A FAVOR,NO ASISTE,NO ASISTE,A FAVOR,A FAVOR,A FAVOR,A FAVOR,A FAVOR,19-07-2017,Artículo 2º,indefinido,32/365
98,NO ASISTE,EN CONTRA,A FAVOR,NO ASISTE,A FAVOR,ABSTENCION,EN CONTRA,A FAVOR,A FAVOR,PAREO,EN CONTRA,A FAVOR,EN CONTRA,EN CONTRA,NO ASISTE,NO ASISTE,A FAVOR,NO ASISTE,NO ASISTE,EN CONTRA,NO ASISTE,EN CONTRA,EN CONTRA,NO ASISTE,NO ASISTE,NO ASISTE,A FAVOR,A FAVOR,NO ASISTE,EN CONTRA,NO ASISTE,NO ASISTE,NO ASISTE,ABSTENCION,A FAVOR,A FAVOR,A FAVOR,A FAVOR,19-07-2017,"Artículo 1º, numero 2),  inciso segundo
Enmienda de la Comisión de Constitución, Legislación, Justicia y Reglamento
",indefinido,32/365
99,NO ASISTE,A FAVOR,A FAVOR,NO ASISTE,EN CONTRA,EN CONTRA,A FAVOR,EN CONTRA,EN CONTRA,PAREO,A FAVOR,A FAVOR,A FAVOR,A FAVOR,NO ASISTE,NO ASISTE,EN CONTRA,NO ASISTE,NO ASISTE,A FAVOR,NO ASISTE,A FAVOR,A FAVOR,NO ASISTE,NO ASISTE,NO ASISTE,EN CONTRA,A FAVOR,NO ASISTE,A FAVOR,A FAVOR,NO ASISTE,NO ASISTE,EN CONTRA,EN CONTRA,A FAVOR,A FAVOR,A FAVOR,19-07-2017,"Artículo 1º, numero 2),  inciso sexto, nuevo
Enmienda de la Comisión de Constitución, Legislación, Justicia y Reglamento
",indefinido,32/365
100,NO ASISTE,ABSTENCION,EN CONTRA,NO ASISTE,EN CONTRA,EN CONTRA,ABSTENCION,EN CONTRA,EN CONTRA,PAREO,EN CONTRA,EN CONTRA,EN CONTRA,ABSTENCION,NO ASISTE,NO ASISTE,EN CONTRA,NO ASISTE,NO ASISTE,ABSTENCION,NO ASISTE,ABSTENCION,EN CONTRA,NO ASISTE,NO ASISTE,NO ASISTE,EN CONTRA,EN CONTRA,NO ASISTE,ABSTENCION,ABSTENCION,NO ASISTE,NO ASISTE,EN CONTRA,EN CONTRA,EN CONTRA,EN CONTRA,EN CONTRA,19-07-2017,Artículo 4º,indefinido,32/365
101,A FAVOR,A FAVOR,A FAVOR,A FAVOR,A FAVOR,A FAVOR,A FAVOR,A FAVOR,A FAVOR,A FAVOR,A FAVOR,A FAVOR,A FAVOR,A FAVOR,A FAVOR,A FAVOR,A FAVOR,A FAVOR,A FAVOR,A FAVOR,A FAVOR,A FAVOR,A FAVOR,A FAVOR,A FAVOR,A FAVOR,A FAVOR,A FAVOR,A FAVOR,A FAVOR,A FAVOR,NO ASISTE,A FAVOR,A FAVOR,A FAVOR,A FAVOR,A FAVOR,A FAVOR,20-05-2014,"Aprobación en general del proyecto de ley, iniciado en Mensaje del señor ex Presidente de la República, en primer trámite constitucional, que regula entrevistas grabadas en vídeo y otras medidas de resguardo a menores de edad víctimas de delitos sexuales, con informe de la Comisión de Constitución, Legislación, Justicia y Reglamento (Boletín N° 9.245-07) ",indefinido,19/362
102,A FAVOR,A FAVOR,A FAVOR,A FAVOR,A FAVOR,NO ASISTE,NO ASISTE,A FAVOR,A FAVOR,A FAVOR,NO ASISTE,A FAVOR,A FAVOR,A FAVOR,A FAVOR,A FAVOR,A FAVOR,A FAVOR,NO ASISTE,A FAVOR,A FAVOR,A FAVOR,A FAVOR,NO ASISTE,A FAVOR,A FAVOR,A FAVOR,A FAVOR,A FAVOR,A FAVOR,A FAVOR,A FAVOR,A FAVOR,A FAVOR,A FAVOR,A FAVOR,A FAVOR,A FAVOR,24-01-2017,"Proyecto de ley, en primer trámite constitucional, que regula entrevistas grabadas en vídeo y otras medidas de resguardo a menores de edad víctimas de delitos sexuales.
Enmiendas unánimes propuestas por la Comisión de Constitución, Legislación, Justicia y Reglamento",indefinido,83/364
103,NO ASISTE,A FAVOR,A FAVOR,A FAVOR,A FAVOR,NO ASISTE,NO ASISTE,ABSTENCION,A FAVOR,ABSTENCION,NO ASISTE,A FAVOR,A FAVOR,A FAVOR,A FAVOR,A FAVOR,A FAVOR,A FAVOR,NO ASISTE,A FAVOR,A FAVOR,A FAVOR,A FAVOR,NO ASISTE,NO ASISTE,A FAVOR,A FAVOR,A FAVOR,A FAVOR,A FAVOR,NO ASISTE,A FAVOR,A FAVOR,A FAVOR,A FAVOR,A FAVOR,A FAVOR,A FAVOR,24-01-2017,"Proyecto de ley, en primer trámite constitucional, que regula entrevistas grabadas en vídeo y otras medidas de resguardo a menores de edad víctimas de delitos sexuales.
Enmienda de mayoría propuesta por la Comisión de Constitución, Legislación, Justicia y Reglamento. Artículo 17",indefinido,83/364
104,A FAVOR,A FAVOR,A FAVOR,A FAVOR,A FAVOR,NO ASISTE,NO ASISTE,A FAVOR,A FAVOR,ABSTENCION,NO ASISTE,A FAVOR,A FAVOR,A FAVOR,A FAVOR,A FAVOR,A FAVOR,A FAVOR,NO ASISTE,A FAVOR,A FAVOR,A FAVOR,A FAVOR,NO ASISTE,A FAVOR,A FAVOR,A FAVOR,A FAVOR,A FAVOR,A FAVOR,A FAVOR,A FAVOR,A FAVOR,A FAVOR,A FAVOR,A FAVOR,A FAVOR,A FAVOR,24-01-2017,"Proyecto de ley, en primer trámite constitucional, que regula entrevistas grabadas en vídeo y otras medidas de resguardo a menores de edad víctimas de delitos sexuales.
Votación separada del artículo 23 inciso final.",indefinido,83/364
105,NO ASISTE,A FAVOR,A FAVOR,NO ASISTE,A FAVOR,ABSTENCION,NO ASISTE,NO ASISTE,ABSTENCION,A FAVOR,A FAVOR,A FAVOR,A FAVOR,A FAVOR,A FAVOR,A FAVOR,ABSTENCION,A FAVOR,NO ASISTE,NO ASISTE,ABSTENCION,A FAVOR,A FAVOR,NO ASISTE,A FAVOR,A FAVOR,A FAVOR,A FAVOR,NO ASISTE,A FAVOR,NO ASISTE,A FAVOR,A FAVOR,ABSTENCION,NO ASISTE,A FAVOR,A FAVOR,NO ASISTE,31-08-2016,Aprobación en general del proyecto de ley que crea la Defensoría de los Derechos de la Niñez. (Boletín N° 10.584-07). Se fija plazo para presentar indicaciones hasta el día 3 de octubre próximo.,indefinido,44/364
106,NO ASISTE,A FAVOR,NO ASISTE,A FAVOR,A FAVOR,A FAVOR,NO ASISTE,A FAVOR,A FAVOR,A FAVOR,NO ASISTE,NO ASISTE,A FAVOR,A FAVOR,A FAVOR,A FAVOR,A FAVOR,A FAVOR,A FAVOR,A FAVOR,A FAVOR,A FAVOR,ABSTENCION,NO ASISTE,A FAVOR,A FAVOR,NO ASISTE,A FAVOR,A FAVOR,NO ASISTE,A FAVOR,NO ASISTE,A FAVOR,NO ASISTE,NO ASISTE,A FAVOR,A FAVOR,A FAVOR,16-08-2017,"Discusión particular del proyecto de ley, en segundo trámite constitucional, que introduce modificaciones al marco normativo que rige las aguas en materia de fiscalización y sanciones.

Artículos 172 bis al 172 sexies, contenidos en el numeral 21 del artículo 1º.",indefinido,39/365
107,EN CONTRA,A FAVOR,A FAVOR,ABSTENCION,EN CONTRA,EN CONTRA,A FAVOR,EN CONTRA,EN CONTRA,NO ASISTE,A FAVOR,A FAVOR,A FAVOR,A FAVOR,A FAVOR,A FAVOR,NO ASISTE,A FAVOR,A FAVOR,A FAVOR,EN CONTRA,A FAVOR,A FAVOR,NO ASISTE,EN CONTRA,A FAVOR,EN CONTRA,EN CONTRA,EN CONTRA,A FAVOR,A FAVOR,A FAVOR,A FAVOR,NO ASISTE,EN CONTRA,A FAVOR,A FAVOR,A FAVOR,25-01-2017,"Proyecto de ley, en segundo trámite constitucional, que crea el Sistema de Educación Pública y modifica diversos cuerpos legales.
",indefinido,85/364
108,ABSTENCION,A FAVOR,A FAVOR,A FAVOR,ABSTENCION,ABSTENCION,A FAVOR,ABSTENCION,ABSTENCION,ABSTENCION,A FAVOR,A FAVOR,A FAVOR,A FAVOR,NO ASISTE,A FAVOR,ABSTENCION,A FAVOR,A FAVOR,A FAVOR,ABSTENCION,A FAVOR,NO ASISTE,NO ASISTE,ABSTENCION,A FAVOR,ABSTENCION,ABSTENCION,ABSTENCION,A FAVOR,A FAVOR,NO ASISTE,A FAVOR,ABSTENCION,ABSTENCION,A FAVOR,A FAVOR,A FAVOR,12-09-2017,"Artículos transitorios : 2, 11, 12, 14, 15, 17, 18, 20, 22, 23, 30, 35, 36, 39, 40, 44, 45, 46, 47, 48 y 55.",indefinido,45/365
109,EN CONTRA,A FAVOR,A FAVOR,A FAVOR,EN CONTRA,EN CONTRA,A FAVOR,NO ASISTE,EN CONTRA,EN CONTRA,A FAVOR,A FAVOR,A FAVOR,A FAVOR,A FAVOR,A FAVOR,EN CONTRA,A FAVOR,A FAVOR,A FAVOR,EN CONTRA,A FAVOR,A FAVOR,NO ASISTE,EN CONTRA,A FAVOR,EN CONTRA,A FAVOR,EN CONTRA,A FAVOR,A FAVOR,NO ASISTE,A FAVOR,EN CONTRA,EN CONTRA,A FAVOR,A FAVOR,A FAVOR,12-09-2017,"Artículos 69, 80, 81 permanentes y cuarto, inciso primero del octavo, noveno, trigésimo segundo y trigésimo octavo transitorios.",indefinido,45/365
110,EN CONTRA,NO ASISTE,A FAVOR,A FAVOR,EN CONTRA,EN CONTRA,A FAVOR,NO ASISTE,EN CONTRA,PAREO,A FAVOR,A FAVOR,A FAVOR,A FAVOR,A FAVOR,A FAVOR,EN CONTRA,A FAVOR,A FAVOR,A FAVOR,EN CONTRA,A FAVOR,A FAVOR,NO ASISTE,EN CONTRA,A FAVOR,EN CONTRA,A FAVOR,EN CONTRA,A FAVOR,A FAVOR,NO ASISTE,A FAVOR,NO ASISTE,EN CONTRA,A FAVOR,A FAVOR,A FAVOR,12-09-2017,Artículo 25.,indefinido,45/365
111,A FAVOR,NO ASISTE,EN CONTRA,A FAVOR,A FAVOR,A FAVOR,EN CONTRA,NO ASISTE,A FAVOR,PAREO,EN CONTRA,A FAVOR,A FAVOR,NO ASISTE,A FAVOR,EN CONTRA,A FAVOR,EN CONTRA,A FAVOR,EN CONTRA,A FAVOR,EN CONTRA,EN CONTRA,NO ASISTE,A FAVOR,A FAVOR,A FAVOR,A FAVOR,NO ASISTE,EN CONTRA,PAREO,NO ASISTE,EN CONTRA,NO ASISTE,A FAVOR,A FAVOR,A FAVOR,A FAVOR,12-09-2017,Indicación renovada para eliminar el artículo 51 transitorio.,indefinido,45/365
112,A FAVOR,NO ASISTE,A FAVOR,A FAVOR,A FAVOR,NO ASISTE,NO ASISTE,A FAVOR,A FAVOR,NO ASISTE,A FAVOR,NO ASISTE,A FAVOR,NO ASISTE,A FAVOR,A FAVOR,NO ASISTE,A FAVOR,NO ASISTE,A FAVOR,A FAVOR,A FAVOR,NO ASISTE,NO ASISTE,A FAVOR,NO ASISTE,A FAVOR,A FAVOR,A FAVOR,A FAVOR,A FAVOR,NO ASISTE,NO ASISTE,A FAVOR,A FAVOR,NO ASISTE,A FAVOR,A FAVOR,13-09-2017,"Proyecto de ley, en segundo trámite constitucional, que posterga la entrada en vigencia de la nueva estructura curricular establecida en la ley N° 20.370.",indefinido,46/365
113,A FAVOR,PAREO,A FAVOR,A FAVOR,A FAVOR,PAREO,ABSTENCION,NO ASISTE,A FAVOR,NO ASISTE,A FAVOR,NO ASISTE,A FAVOR,NO ASISTE,NO ASISTE,A FAVOR,A FAVOR,NO ASISTE,NO ASISTE,A FAVOR,A FAVOR,A FAVOR,A FAVOR,NO ASISTE,A FAVOR,A FAVOR,A FAVOR,A FAVOR,A FAVOR,A FAVOR,A FAVOR,NO ASISTE,PAREO,A FAVOR,NO ASISTE,A FAVOR,NO ASISTE,NO ASISTE,25-10-2017,"Proyecto de ley, en segundo trámite constitucional, que incorpora diversas medidas de índole tributaria.",indefinido,58/365
114,A FAVOR,NO ASISTE,A FAVOR,A FAVOR,A FAVOR,A FAVOR,EN CONTRA,NO ASISTE,A FAVOR,NO ASISTE,NO ASISTE,NO ASISTE,A FAVOR,ABSTENCION,NO ASISTE,A FAVOR,A FAVOR,NO ASISTE,A FAVOR,A FAVOR,A FAVOR,A FAVOR,A FAVOR,NO ASISTE,A FAVOR,A FAVOR,A FAVOR,A FAVOR,A FAVOR,A FAVOR,A FAVOR,NO ASISTE,NO ASISTE,NO ASISTE,NO ASISTE,A FAVOR,NO ASISTE,NO ASISTE,25-10-2017,Votación separada del artículo 3º del proyecto.,indefinido,58/365
115,EN CONTRA,NO ASISTE,A FAVOR,A FAVOR,NO ASISTE,EN CONTRA,A FAVOR,NO ASISTE,EN CONTRA,NO ASISTE,A FAVOR,NO ASISTE,A FAVOR,A FAVOR,NO ASISTE,A FAVOR,EN CONTRA,NO ASISTE,A FAVOR,A FAVOR,PAREO,A FAVOR,A FAVOR,NO ASISTE,A FAVOR,ABSTENCION,EN CONTRA,A FAVOR,EN CONTRA,A FAVOR,A FAVOR,NO ASISTE,NO ASISTE,NO ASISTE,NO ASISTE,A FAVOR,NO ASISTE,NO ASISTE,25-10-2017,Votación separada del artículo 5º del proyecto.,indefinido,58/365
116,NO ASISTE,A FAVOR,A FAVOR,A FAVOR,NO ASISTE,NO ASISTE,A FAVOR,NO ASISTE,A FAVOR,NO ASISTE,A FAVOR,NO ASISTE,NO ASISTE,A FAVOR,NO ASISTE,A FAVOR,NO ASISTE,NO ASISTE,NO ASISTE,NO ASISTE,A FAVOR,A FAVOR,A FAVOR,NO ASISTE,NO ASISTE,NO ASISTE,A FAVOR,A FAVOR,A FAVOR,NO ASISTE,A FAVOR,NO ASISTE,A FAVOR,A FAVOR,A FAVOR,A FAVOR,NO ASISTE,A FAVOR,18-10-2017,"Proyecto de ley, en segundo trámite constitucional, que otorga una bonificación adicional por retiro al personal académico, directivo y profesional no académico de las universidades del Estado y faculta a las mismas para conceder otros beneficios transitorios que indica.",indefinido,55/365
117,NO ASISTE,A FAVOR,NO ASISTE,NO ASISTE,NO ASISTE,NO ASISTE,NO ASISTE,NO ASISTE,A FAVOR,A FAVOR,NO ASISTE,A FAVOR,NO ASISTE,NO ASISTE,A FAVOR,NO ASISTE,A FAVOR,A FAVOR,NO ASISTE,NO ASISTE,A FAVOR,A FAVOR,NO ASISTE,NO ASISTE,A FAVOR,NO ASISTE,A FAVOR,A FAVOR,A FAVOR,NO ASISTE,A FAVOR,NO ASISTE,A FAVOR,A FAVOR,NO ASISTE,NO ASISTE,A FAVOR,A FAVOR,20-09-2017,"Proyecto de ley, en segundo trámite constitucional, que modifica el Estatuto del Personal de las Fuerzas Armadas y la ley orgánica constitucional de Carabineros de Chile, para efectos de aumentar el plazo de prescripción de la acción disciplinaria en el caso de los funcionarios de dichas instituciones.",indefinido,48/365
118,NO ASISTE,A FAVOR,A FAVOR,NO ASISTE,A FAVOR,ABSTENCION,NO ASISTE,NO ASISTE,ABSTENCION,A FAVOR,A FAVOR,A FAVOR,A FAVOR,A FAVOR,A FAVOR,A FAVOR,ABSTENCION,A FAVOR,NO ASISTE,NO ASISTE,ABSTENCION,A FAVOR,A FAVOR,NO ASISTE,A FAVOR,A FAVOR,A FAVOR,A FAVOR,NO ASISTE,A FAVOR,NO ASISTE,A FAVOR,A FAVOR,ABSTENCION,NO ASISTE,A FAVOR,Si,NO ASISTE,31-08-2016,Aprobación en general del proyecto de ley que crea la Defensoría de los Derechos de la Niñez. (Boletín N° 10.584-07). Se fija plazo para presentar indicaciones hasta el día 3 de octubre próximo.,indefinido,44/364
